sentence,label
یک دکتر مرد خوب برای ارتوپد در کرمانشاه سراغ دارید ؟,"O,O,B-gen,O,O,O,O,B-cit,O,O,O"
آیا می توانید یک دکتر برای آسم معرفی کنید ؟,"O,O,O,O,O,O,O,O,O,O"
کسی یک دکتر مرد برای افسردگی در خرم آباد یا مشهد می شناسه ؟,"O,O,O,B-gen,O,O,O,B-cit,I-cit,O,B-cit,O,O,O"
آیا می توانید یک دکتر برای روانپزشکی معرفی کنید ؟,"O,O,O,O,O,O,O,O,O,O"
آیا می توانید یک دکتر برای زنان معرفی کنید ؟,"O,O,O,O,O,O,B-gen,O,O,O"
کسی دکتری برای ارتوپد در ارومیه می شناسه ؟,"O,O,O,O,O,B-cit,O,O,O"
کسی یک دکتر خانم برای اعصاب در تهران یا قم می شناسه ؟,"O,O,O,B-gen,O,O,O,B-cit,O,B-cit,O,O,O"
بهترین دکتر مرد در کرمانشاه برای زنان چه کسی است ?,"O,O,B-gen,O,B-cit,O,B-gen,O,O,O,O"
آیا دکتری مرد در اهواز برای گوارش می شناسید ؟,"O,O,B-gen,O,B-cit,O,O,O,O,O"
بهترین دکتر مرد برای کودکان در تهران کیه ؟,"O,O,B-gen,O,O,O,B-cit,O,O"
یک دکتر خانم خوب برای آسم در ارومیه سراغ دارید ؟,"O,O,B-gen,O,O,O,O,B-cit,O,O,O"
کسی متخصص پوست در همدان رو می شناسه ؟,"O,O,O,O,B-cit,O,O,O,O"
به نظر شما دکتر مرد برای گوش و حلق و بینی در تهران بهتر است یا زنجان ؟,"O,O,O,O,B-gen,O,O,O,O,O,O,O,B-cit,O,O,O,B-cit,O"
من دنبال یک دکتر زن برای ارتوپد در اراک یا کرج می گردم .,"O,O,O,O,B-gen,O,O,O,B-cit,O,B-cit,O,O,O"
بهترین دکتر زن در اهواز برای مشکلات قلبی چه کسی است ?,"O,O,B-gen,O,B-cit,O,O,O,O,O,O,O"
کسی متخصص پوست در ارومیه رو می شناسه ؟,"O,O,O,O,B-cit,O,O,O,O"
بهترین دکتر مرد برای مشکلات قلبی در خرم آباد یا قم کیه ؟,"O,O,B-gen,O,O,O,O,B-cit,I-cit,O,B-cit,O,O"
بهترین دکتر برای اعصاب در اراک کیه ؟,"O,O,O,O,O,B-cit,O,O"
یک متخصص برای گوش و حلق و بینی در رشت سراغ دارید ؟,"O,O,O,O,O,O,O,O,O,B-cit,O,O,O"
آیا دکتری زن در زنجان برای افسردگی می شناسید ؟,"O,O,B-gen,O,B-cit,O,O,O,O,O"
کسی یک دکتر مرد برای روماتیسم در شیراز می شناسه ؟,"O,O,O,B-gen,O,O,O,B-cit,O,O,O"
کسی متخصص روانپزشکی در همدان رو می شناسه ؟,"O,O,O,O,B-cit,O,O,O,O"
کسی متخصص سرطان در رشت رو می شناسه ؟,"O,O,O,O,B-cit,O,O,O,O"
بهترین دکتر مرد در ارومیه برای افسردگی چه کسی است ?,"O,O,B-gen,O,B-cit,O,O,O,O,O,O"
بهترین دکتر خانم در زنجان برای ارتوپد چه کسی است ?,"O,O,B-gen,O,B-cit,O,O,O,O,O,O"
من دنبال یک دکتر زن برای سرطان در مشهد یا ارومیه می گردم .,"O,O,O,O,B-gen,O,O,O,B-cit,O,B-cit,O,O,O"
به یک دکتر خوب برای اعصاب نیاز دارم .,"O,O,O,O,O,O,O,O,O"
کسی متخصص گوش و حلق و بینی در ساری رو می شناسه ؟,"O,O,O,O,O,O,O,O,B-cit,O,O,O,O"
یک دکتر مرد خوب برای دیابت در بوشهر سراغ دارید ؟,"O,O,B-gen,O,O,O,O,B-cit,O,O,O"
دنبال دکتر خوبی برای دیابت می گردم .,"O,O,O,O,O,O,O,O"
دنبال یک دکتر مرد متخصص سرطان در تبریز هستم .,"O,O,O,B-gen,O,O,O,B-cit,O,O"
بهترین دکتر برای گوارش در خرم آباد کیه ؟,"O,O,O,O,O,B-cit,I-cit,O,O"
دنبال دکتر خوبی برای افسردگی می گردم .,"O,O,O,O,O,O,O,O"
یک متخصص برای اعصاب در تبریز سراغ دارید ؟,"O,O,O,O,O,B-cit,O,O,O"
کسی یک دکتر خانم برای روماتیسم در ارومیه یا اردبیل می شناسه ؟,"O,O,O,B-gen,O,O,O,B-cit,O,B-cit,O,O,O"
به نظر شما دکتر خانم برای روانپزشکی در تبریز بهتر است یا بوشهر ؟,"O,O,O,O,B-gen,O,O,O,B-cit,O,O,O,B-cit,O"
دنبال دکتر خوبی برای زنان می گردم .,"O,O,O,O,B-gen,O,O,O"
یک دکتر مرد خوب برای مشکلات قلبی در اردبیل یا کرمانشاه سراغ دارید ؟,"O,O,B-gen,O,O,O,O,O,B-cit,O,B-cit,O,O,O"
کسی متخصص گوش و حلق و بینی در زنجان رو می شناسه ؟,"O,O,O,O,O,O,O,O,B-cit,O,O,O,O"
بهترین دکتر برای چشم در ساری کیه ؟,"O,O,O,O,O,B-cit,O,O"
کسی یک دکتر مرد برای دیابت در بوشهر می شناسه ؟,"O,O,O,B-gen,O,O,O,B-cit,O,O,O"
کسی متخصص مشکلات قلبی در زنجان رو می شناسه ؟,"O,O,O,O,O,B-cit,O,O,O,O"
لطفاً یک دکتر زن برای درمان افسردگی در اراک معرفی کنید .,"O,O,O,B-gen,O,O,O,O,B-cit,O,O,O"
یک دکتر برای ارتوپد در همدان معرفی می کنید ؟,"O,O,O,O,O,B-cit,O,O,O,O"
آیا دکتری مرد در تهران برای افسردگی می شناسید ؟,"O,O,B-gen,O,B-cit,O,O,O,O,O"
بهترین دکتر زن در اصفهان برای پوست چه کسی است ?,"O,O,B-gen,O,B-cit,O,O,O,O,O,O"
دنبال یک دکتر مرد متخصص ارتوپد در اهواز هستم .,"O,O,O,B-gen,O,O,O,B-cit,O,O"
آیا دکتری زن در تهران برای سرطان می شناسید ؟,"O,O,B-gen,O,B-cit,O,O,O,O,O"
یک دکتر زن خوب برای روانپزشکی در ساری یا زنجان سراغ دارید ؟,"O,O,B-gen,O,O,O,O,B-cit,O,B-cit,O,O,O"
به یک دکتر خوب برای اعصاب نیاز دارم .,"O,O,O,O,O,O,O,O,O"
من دنبال یک دکتر مرد برای آسم در اصفهان می گردم .,"O,O,O,O,B-gen,O,O,O,B-cit,O,O,O"
من دنبال یک دکتر خانم برای آسم در ساری می گردم .,"O,O,O,O,B-gen,O,O,O,B-cit,O,O,O"
بهترین دکتر مرد برای دیابت در رشت کیه ؟,"O,O,B-gen,O,O,O,B-cit,O,O"
لطفاً یک دکتر خانم برای درمان گوش و حلق و بینی در مشهد یا اراک معرفی کنید .,"O,O,O,B-gen,O,O,O,O,O,O,O,O,B-cit,O,B-cit,O,O,O"
یک دکتر برای پوست در اهواز معرفی می کنید ؟,"O,O,O,O,O,B-cit,O,O,O,O"
به یک دکتر خوب برای اعصاب نیاز دارم .,"O,O,O,O,O,O,O,O,O"
دنبال یک دکتر زن متخصص افسردگی در شیراز هستم .,"O,O,O,B-gen,O,O,O,B-cit,O,O"
به یک دکتر خوب برای پوست نیاز دارم .,"O,O,O,O,O,O,O,O,O"
من به یک دکتر برای درمان افسردگی نیاز دارم .,"O,O,O,O,O,O,O,O,O,O"
بهترین دکتر مرد در کرج برای مشکلات قلبی چه کسی است ?,"O,O,B-gen,O,B-cit,O,O,O,O,O,O,O"
کسی یک دکتر مرد برای روماتیسم در بوشهر می شناسه ؟,"O,O,O,B-gen,O,O,O,B-cit,O,O,O"
من به یک دکتر برای درمان آسم نیاز دارم .,"O,O,O,O,O,O,O,O,O,O"
کسی یک دکتر زن برای دیابت در اهواز یا ساری می شناسه ؟,"O,O,O,B-gen,O,O,O,B-cit,O,B-cit,O,O,O"
یک دکتر مرد خوب برای چشم در بوشهر یا همدان سراغ دارید ؟,"O,O,B-gen,O,O,O,O,B-cit,O,B-cit,O,O,O"
کسی دکتری برای چشم در تبریز می شناسه ؟,"O,O,O,O,O,B-cit,O,O,O"
من به یک دکتر برای درمان روانپزشکی نیاز دارم .,"O,O,O,O,O,O,O,O,O,O"
من دنبال یک دکتر مرد برای مشکلات قلبی در قم می گردم .,"O,O,O,O,B-gen,O,O,O,O,B-cit,O,O,O"
دنبال یک دکتر مرد متخصص روماتیسم در زنجان هستم .,"O,O,O,B-gen,O,O,O,B-cit,O,O"
دنبال دکتر خوبی برای مشکلات قلبی می گردم .,"O,O,O,O,O,O,O,O,O"
بهترین دکتر خانم در یزد برای مشکلات قلبی چه کسی است ?,"O,O,B-gen,O,B-cit,O,O,O,O,O,O,O"
یک متخصص برای چشم در سنندج سراغ دارید ؟,"O,O,O,O,O,B-cit,O,O,O"
لطفاً یک دکتر مرد برای درمان گوارش در مشهد یا اردبیل معرفی کنید .,"O,O,O,B-gen,O,O,O,O,B-cit,O,B-cit,O,O,O"
به یک دکتر خوب برای سرطان نیاز دارم .,"O,O,O,O,O,O,O,O,O"
من دنبال یک دکتر زن برای روماتیسم در ساری می گردم .,"O,O,O,O,B-gen,O,O,O,B-cit,O,O,O"
کسی متخصص دیابت در اردبیل رو می شناسه ؟,"O,O,O,O,B-cit,O,O,O,O"
کسی می تونه یک دکتر خانم برای دیابت در زنجان معرفی کنه ؟,"O,O,O,O,O,B-gen,O,O,O,B-cit,O,O,O"
یک متخصص برای مشکلات قلبی در رشت سراغ دارید ؟,"O,O,O,O,O,O,B-cit,O,O,O"
یک دکتر برای کودکان در زنجان معرفی می کنید ؟,"O,O,O,O,O,B-cit,O,O,O,O"
لطفاً یک دکتر زن برای درمان افسردگی در قم معرفی کنید .,"O,O,O,B-gen,O,O,O,O,B-cit,O,O,O"
من دنبال یک دکتر زن برای دیابت در اراک یا خرم آباد می گردم .,"O,O,O,O,B-gen,O,O,O,B-cit,O,B-cit,I-cit,O,O,O"
آیا دکتری مرد در ساری برای پوست می شناسید ؟,"O,O,B-gen,O,B-cit,O,O,O,O,O"
به نظر شما دکتر خانم برای روانپزشکی در شیراز بهتر است یا خرم آباد ؟,"O,O,O,O,B-gen,O,O,O,B-cit,O,O,O,B-cit,B-cit,O"
بهترین دکتر مرد برای اعصاب در ارومیه یا شیراز کیه ؟,"O,O,B-gen,O,O,O,B-cit,O,B-cit,O,O"
آیا دکتری خانم در خرم آباد برای ارتوپد می شناسید ؟,"O,O,B-gen,O,B-cit,I-cit,O,O,O,O,O"
یک دکتر برای چشم در قم معرفی می کنید ؟,"O,O,O,O,O,B-cit,O,O,O,O"
کسی متخصص افسردگی در کرمانشاه رو می شناسه ؟,"O,O,O,O,B-cit,O,O,O,O"
لطفاً یک دکتر مرد برای درمان روانپزشکی در خرم آباد یا زنجان معرفی کنید .,"O,O,O,B-gen,O,O,O,O,B-cit,I-cit,O,B-cit,O,O,O"
آیا می توانید یک دکتر برای چشم معرفی کنید ؟,"O,O,O,O,O,O,O,O,O,O"
بهترین دکتر زن برای چشم در زنجان یا بوشهر کیه ؟,"O,O,B-gen,O,O,O,B-cit,O,B-cit,O,O"
یک دکتر خانم خوب برای روانپزشکی در تبریز سراغ دارید ؟,"O,O,B-gen,O,O,O,O,B-cit,O,O,O"
کسی متخصص زنان در بوشهر رو می شناسه ؟,"O,O,B-gen,O,B-cit,O,O,O,O"
کسی یک دکتر خانم برای چشم در کرمانشاه می شناسه ؟,"O,O,O,B-gen,O,O,O,B-cit,O,O,O"
من دنبال یک دکتر خانم برای اعصاب در خرم آباد یا کرمانشاه می گردم .,"O,O,O,O,B-gen,O,O,O,B-cit,I-cit,O,B-cit,O,O,O"
من به یک دکتر برای درمان زنان نیاز دارم .,"O,O,O,O,O,O,B-gen,O,O,O"
کسی یک دکتر زن برای روانپزشکی در ساری یا مشهد می شناسه ؟,"O,O,O,B-gen,O,O,O,B-cit,O,B-cit,O,O,O"
یک دکتر خانم خوب برای چشم در ارومیه یا تهران سراغ دارید ؟,"O,O,B-gen,O,O,O,O,B-cit,O,B-cit,O,O,O"
به یک دکتر زن در زنجان برای درمان اعصاب نیاز دارم .,"O,O,O,B-gen,O,B-cit,O,O,O,O,O,O"
به یک دکتر خانم در ارومیه برای درمان اعصاب نیاز دارم .,"O,O,O,B-gen,O,B-cit,O,O,O,O,O,O"
بهترین دکتر خانم در اردبیل برای افسردگی چه کسی است ?,"O,O,B-gen,O,B-cit,O,O,O,O,O,O"
بهترین دکتر خانم در قم برای اعصاب چه کسی است ?,"O,O,B-gen,O,B-cit,O,O,O,O,O,O"
به یک دکتر خوب برای سرطان نیاز دارم .,"O,O,O,O,O,O,O,O,O"
بهترین دکتر زن برای اعصاب در تبریز کیه ؟,"O,O,B-gen,O,O,O,B-cit,O,O"
بهترین دکتر برای کودکان در رشت کیه ؟,"O,O,O,O,O,B-cit,O,O"
یک دکتر مرد خوب برای چشم در تهران سراغ دارید ؟,"O,O,B-gen,O,O,O,O,B-cit,O,O,O"
یک دکتر خانم خوب برای کودکان در اراک سراغ دارید ؟,"O,O,B-gen,O,O,O,O,B-cit,O,O,O"
بهترین دکتر مرد در بوشهر برای ارتوپد چه کسی است ?,"O,O,B-gen,O,B-cit,O,O,O,O,O,O"
به یک دکتر خوب برای سرطان نیاز دارم .,"O,O,O,O,O,O,O,O,O"
یک دکتر زن خوب برای ارتوپد در سنندج سراغ دارید ؟,"O,O,B-gen,O,O,O,O,B-cit,O,O,O"
به یک دکتر زن در زنجان برای درمان گوش و حلق و بینی نیاز دارم .,"O,O,O,B-gen,O,B-cit,O,O,O,O,O,O,O,O,O,O"
بهترین دکتر زن در ارومیه برای ارتوپد چه کسی است ?,"O,O,B-gen,O,B-cit,O,O,O,O,O,O"
دنبال دکتر خوبی برای روماتیسم می گردم .,"O,O,O,O,O,O,O,O"
من دنبال یک دکتر مرد برای ارتوپد در زنجان یا یزد می گردم .,"O,O,O,O,B-gen,O,O,O,B-cit,O,B-cit,O,O,O"
دنبال دکتر خوبی برای گوش و حلق و بینی می گردم .,"O,O,O,O,O,O,O,O,O,O,O,O"
بهترین دکتر مرد در قم برای روانپزشکی چه کسی است ?,"O,O,B-gen,O,B-cit,O,O,O,O,O,O"
بهترین دکتر خانم برای چشم در مشهد کیه ؟,"O,O,B-gen,O,O,O,B-cit,O,O"
به نظر شما دکتر زن برای آسم در قم بهتر است یا کرج ؟,"O,O,O,O,B-gen,O,O,O,B-cit,O,O,O,B-cit,O"
کسی دکتری برای پوست در اصفهان می شناسه ؟,"O,O,O,O,O,B-cit,O,O,O"
بهترین دکتر برای روانپزشکی در سنندج کیه ؟,"O,O,O,O,O,B-cit,O,O"
آیا می توانید یک دکتر برای سرطان معرفی کنید ؟,"O,O,O,O,O,O,O,O,O,O"
کسی می تونه یک دکتر زن برای سرطان در کرج معرفی کنه ؟,"O,O,O,O,O,B-gen,O,O,O,B-cit,O,O,O"
بهترین دکتر زن برای کودکان در مشهد یا اراک کیه ؟,"O,O,B-gen,O,O,O,B-cit,O,B-cit,O,O"
من دنبال یک دکتر مرد برای سرطان در رشت یا قم می گردم .,"O,O,O,O,B-gen,O,O,O,B-cit,O,B-cit,O,O,O"
کسی می تونه یک دکتر مرد برای آسم در رشت معرفی کنه ؟,"O,O,O,O,O,B-gen,O,O,O,B-cit,O,O,O"
به یک دکتر خوب برای پوست نیاز دارم .,"O,O,O,O,O,O,O,O,O"
بهترین دکتر مرد برای کودکان در اردبیل یا اراک کیه ؟,"O,O,B-gen,O,O,O,B-cit,O,B-cit,O,O"
کسی یک دکتر زن برای سرطان در ارومیه می شناسه ؟,"O,O,O,B-gen,O,O,O,B-cit,O,O,O"
لطفاً یک دکتر زن برای درمان دیابت در اراک یا قم معرفی کنید .,"O,O,O,B-gen,O,O,O,O,B-cit,O,B-cit,O,O,O"
کسی یک دکتر مرد برای زنان در بوشهر یا ساری می شناسه ؟,"O,O,O,B-gen,O,B-gen,O,B-cit,O,B-cit,O,O,O"
یک متخصص برای گوش و حلق و بینی در ارومیه سراغ دارید ؟,"O,O,O,O,O,O,O,O,O,B-cit,O,O,O"
دنبال یک دکتر زن متخصص مشکلات قلبی در یزد هستم .,"O,O,O,B-gen,O,O,O,O,B-cit,O,O"
دنبال یک دکتر زن متخصص دیابت در شیراز هستم .,"O,O,O,B-gen,O,O,O,B-cit,O,O"
لطفاً یک متخصص آسم معرفی کنید .,"O,O,O,O,O,O,O"
کسی یک دکتر زن برای سرطان در اصفهان یا قم می شناسه ؟,"O,O,O,B-gen,O,O,O,B-cit,O,B-cit,O,O,O"
دنبال یک دکتر زن متخصص کودکان در شیراز هستم .,"O,O,O,B-gen,O,O,O,B-cit,O,O"
یک دکتر مرد خوب برای چشم در قم یا یزد سراغ دارید ؟,"O,O,B-gen,O,O,O,O,B-cit,O,B-cit,O,O,O"
کسی یک دکتر زن برای روانپزشکی در اصفهان می شناسه ؟,"O,O,O,B-gen,O,O,O,B-cit,O,O,O"
یک دکتر مرد خوب برای سرطان در سنندج سراغ دارید ؟,"O,O,B-gen,O,O,O,O,B-cit,O,O,O"
من دنبال یک دکتر خانم برای روماتیسم در کرمانشاه می گردم .,"O,O,O,O,B-gen,O,O,O,B-cit,O,O,O"
کسی یک دکتر خانم برای گوش و حلق و بینی در بوشهر یا تبریز می شناسه ؟,"O,O,O,B-gen,O,O,O,O,O,O,O,B-cit,O,B-cit,O,O,O"
یک دکتر خانم خوب برای آسم در زنجان سراغ دارید ؟,"O,O,B-gen,O,O,O,O,B-cit,O,O,O"
آیا می توانید یک دکتر برای مشکلات قلبی معرفی کنید ؟,"O,O,O,O,O,O,O,O,O,O,O"
لطفاً یک متخصص مشکلات قلبی معرفی کنید .,"O,O,O,O,O,O,O,O"
دنبال دکتر خوبی برای مشکلات قلبی می گردم .,"O,O,O,O,O,O,O,O,O"
کسی یک دکتر خانم برای چشم در شیراز یا یزد می شناسه ؟,"O,O,O,B-gen,O,O,O,B-cit,O,B-cit,O,O,O"
من دنبال یک دکتر خانم برای پوست در بوشهر یا مشهد می گردم .,"O,O,O,O,B-gen,O,O,O,B-cit,O,B-cit,O,O,O"
یک دکتر برای سرطان در تهران معرفی می کنید ؟,"O,O,O,O,O,B-cit,O,O,O,O"
به یک دکتر خوب برای پوست نیاز دارم .,"O,O,O,O,O,O,O,O,O"
یک دکتر برای ارتوپد در ارومیه معرفی می کنید ؟,"O,O,O,O,O,B-cit,O,O,O,O"
لطفاً یک دکتر مرد برای درمان چشم در بوشهر معرفی کنید .,"O,O,O,B-gen,O,O,O,O,B-cit,O,O,O"
کسی یک دکتر زن برای سرطان در تبریز می شناسه ؟,"O,O,O,B-gen,O,O,O,B-cit,O,O,O"
بهترین دکتر برای سرطان در زنجان کیه ؟,"O,O,O,O,O,B-cit,O,O"
من به یک دکتر برای درمان اعصاب نیاز دارم .,"O,O,O,O,O,O,O,O,O,O"
کسی دکتری برای افسردگی در اردبیل می شناسه ؟,"O,O,O,O,O,B-cit,O,O,O"
بهترین دکتر زن برای کودکان در اهواز کیه ؟,"O,O,B-gen,O,O,O,B-cit,O,O"
کسی دکتری برای اعصاب در اصفهان می شناسه ؟,"O,O,O,O,O,B-cit,O,O,O"
لطفاً یک دکتر زن برای درمان کودکان در خرم آباد معرفی کنید .,"O,O,O,B-gen,O,O,O,O,B-cit,I-cit,O,O,O"
لطفاً یک متخصص افسردگی معرفی کنید .,"O,O,O,O,O,O,O"
لطفاً یک دکتر زن برای درمان زنان در اهواز یا ساری معرفی کنید .,"O,O,O,B-gen,O,O,B-gen,O,B-cit,O,B-cit,O,O,O"
آیا دکتری مرد در مشهد برای روماتیسم می شناسید ؟,"O,O,B-gen,O,B-cit,O,O,O,O,O"
یک دکتر خانم خوب برای زنان در ساری سراغ دارید ؟,"O,O,B-gen,O,O,B-gen,O,B-cit,O,O,O"
به یک دکتر خانم در بوشهر برای درمان کودکان نیاز دارم .,"O,O,O,B-gen,O,B-cit,O,O,O,O,O,O"
دنبال یک دکتر زن متخصص ارتوپد در بوشهر هستم .,"O,O,O,B-gen,O,O,O,B-cit,O,O"
کسی دکتری برای گوش و حلق و بینی در ارومیه می شناسه ؟,"O,O,O,O,O,O,O,O,O,B-cit,O,O,O"
من به یک دکتر برای درمان کودکان نیاز دارم .,"O,O,O,O,O,O,O,O,O,O"
یک متخصص برای زنان در اراک سراغ دارید ؟,"O,O,O,B-gen,O,B-cit,O,O,O"
به یک دکتر مرد در یزد برای درمان روانپزشکی نیاز دارم .,"O,O,O,B-gen,O,B-cit,O,O,O,O,O,O"
آیا می توانید یک دکتر برای پوست معرفی کنید ؟,"O,O,O,O,O,O,O,O,O,O"
کسی یک دکتر مرد برای آسم در تهران می شناسه ؟,"O,O,O,B-gen,O,O,O,B-cit,O,O,O"
یک دکتر خانم خوب برای اعصاب در ارومیه سراغ دارید ؟,"O,O,B-gen,O,O,O,O,B-cit,O,O,O"
بهترین دکتر برای مشکلات قلبی در مشهد کیه ؟,"O,O,O,O,O,O,B-cit,O,O"
بهترین دکتر خانم برای چشم در ساری کیه ؟,"O,O,B-gen,O,O,O,B-cit,O,O"
من دنبال یک دکتر مرد برای دیابت در کرج یا اراک می گردم .,"O,O,O,O,B-gen,O,O,O,B-cit,O,B-cit,O,O,O"
دنبال دکتر خوبی برای کودکان می گردم .,"O,O,O,O,O,O,O,O"
کسی متخصص کودکان در شیراز رو می شناسه ؟,"O,O,O,O,B-cit,O,O,O,O"
کسی یک دکتر زن برای آسم در تهران یا اراک می شناسه ؟,"O,O,O,B-gen,O,O,O,B-cit,O,B-cit,O,O,O"
کسی یک دکتر خانم برای آسم در همدان می شناسه ؟,"O,O,O,B-gen,O,O,O,B-cit,O,O,O"
یک دکتر برای گوارش در قم معرفی می کنید ؟,"O,O,O,O,O,B-cit,O,O,O,O"
یک متخصص برای زنان در زنجان سراغ دارید ؟,"O,O,O,B-gen,O,B-cit,O,O,O"
بهترین دکتر برای مشکلات قلبی در سنندج کیه ؟,"O,O,O,O,O,O,B-cit,O,O"
بهترین دکتر مرد برای سرطان در همدان کیه ؟,"O,O,B-gen,O,O,O,B-cit,O,O"
لطفاً یک متخصص گوش و حلق و بینی معرفی کنید .,"O,O,O,O,O,O,O,O,O,O,O"
کسی یک دکتر زن برای زنان در ساری یا بوشهر می شناسه ؟,"O,O,O,B-gen,O,B-gen,O,B-cit,O,B-cit,O,O,O"
لطفاً یک متخصص روانپزشکی معرفی کنید .,"O,O,O,O,O,O,O"
لطفاً یک دکتر خانم برای درمان پوست در ساری معرفی کنید .,"O,O,O,B-gen,O,O,O,O,B-cit,O,O,O"
دنبال یک دکتر مرد متخصص گوش و حلق و بینی در اهواز هستم .,"O,O,O,B-gen,O,O,O,O,O,O,O,B-cit,O,O"
کسی متخصص اعصاب در بوشهر رو می شناسه ؟,"O,O,O,O,B-cit,O,O,O,O"
کسی دکتری برای کودکان در سنندج می شناسه ؟,"O,O,O,O,O,B-cit,O,O,O"
بهترین دکتر زن برای مشکلات قلبی در زنجان یا خرم آباد کیه ؟,"O,O,B-gen,O,O,O,O,B-cit,O,B-cit,I-cit,O,O"
بهترین دکتر برای افسردگی در بوشهر کیه ؟,"O,O,O,O,O,B-cit,O,O"
لطفاً یک دکتر خانم برای درمان گوش و حلق و بینی در اراک یا ارومیه معرفی کنید .,"O,O,O,B-gen,O,O,O,O,O,O,O,O,B-cit,O,B-cit,O,O,O"
لطفاً یک دکتر خانم برای درمان روماتیسم در سنندج یا اراک معرفی کنید .,"O,O,O,B-gen,O,O,O,O,B-cit,O,B-cit,O,O,O"
آیا می توانید یک دکتر برای گوارش معرفی کنید ؟,"O,O,O,O,O,O,O,O,O,O"
یک دکتر خانم خوب برای مشکلات قلبی در ساری سراغ دارید ؟,"O,O,B-gen,O,O,O,O,O,B-cit,O,O,O"
بهترین دکتر مرد برای گوارش در زنجان کیه ؟,"O,O,B-gen,O,O,O,B-cit,O,O"
کسی متخصص افسردگی در کرمانشاه رو می شناسه ؟,"O,O,O,O,B-cit,O,O,O,O"
به یک دکتر خوب برای چشم نیاز دارم .,"O,O,O,O,O,O,O,O,O"
کسی متخصص آسم در اصفهان رو می شناسه ؟,"O,O,O,O,B-cit,O,O,O,O"
به یک دکتر زن در خرم آباد برای درمان پوست نیاز دارم .,"O,O,O,B-gen,O,B-cit,I-cit,O,O,O,O,O,O"
دنبال یک دکتر زن متخصص روانپزشکی در ارومیه هستم .,"O,O,O,B-gen,O,O,O,B-cit,O,O"
کسی دکتری برای روماتیسم در قم می شناسه ؟,"O,O,O,O,O,B-cit,O,O,O"
کسی یک دکتر زن برای زنان در اردبیل یا ارومیه می شناسه ؟,"O,O,O,B-gen,O,B-gen,O,B-cit,O,B-cit,O,O,O"
کسی می تونه یک دکتر خانم برای پوست در همدان معرفی کنه ؟,"O,O,O,O,O,B-gen,O,O,O,B-cit,O,O,O"
به یک دکتر زن در رشت برای درمان مشکلات قلبی نیاز دارم .,"O,O,O,B-gen,O,B-cit,O,O,O,O,O,O,O"
لطفاً یک دکتر زن برای درمان دیابت در همدان معرفی کنید .,"O,O,O,B-gen,O,O,O,O,B-cit,O,O,O"
من دنبال یک دکتر زن برای روانپزشکی در قم یا ارومیه می گردم .,"O,O,O,O,B-gen,O,O,O,B-cit,O,B-cit,O,O,O"
به نظر شما دکتر زن برای سرطان در کرج بهتر است یا قم ؟,"O,O,O,O,B-gen,O,O,O,B-cit,O,O,O,B-cit,O"
کسی یک دکتر مرد برای زنان در اهواز یا تهران می شناسه ؟,"O,O,O,B-gen,O,B-gen,O,B-cit,O,B-cit,O,O,O"
لطفاً یک دکتر زن برای درمان روانپزشکی در سنندج معرفی کنید .,"O,O,O,B-gen,O,O,O,O,B-cit,O,O,O"
به یک دکتر زن در مشهد برای درمان افسردگی نیاز دارم .,"O,O,O,B-gen,O,B-cit,O,O,O,O,O,O"
به یک دکتر زن در اصفهان برای درمان اعصاب نیاز دارم .,"O,O,O,B-gen,O,B-cit,O,O,O,O,O,O"
کسی یک دکتر خانم برای روانپزشکی در اصفهان یا ارومیه می شناسه ؟,"O,O,O,B-gen,O,O,O,B-cit,O,B-cit,O,O,O"
لطفاً یک دکتر خانم برای درمان کودکان در ارومیه معرفی کنید .,"O,O,O,B-gen,O,O,O,O,B-cit,O,O,O"
یک متخصص برای ارتوپد در شیراز سراغ دارید ؟,"O,O,O,O,O,B-cit,O,O,O"
یک متخصص برای آسم در تهران سراغ دارید ؟,"O,O,O,O,O,B-cit,O,O,O"
بهترین دکتر برای مشکلات قلبی در زنجان کیه ؟,"O,O,O,O,O,O,B-cit,O,O"
یک دکتر مرد خوب برای پوست در اراک سراغ دارید ؟,"O,O,B-gen,O,O,O,O,B-cit,O,O,O"
لطفاً یک متخصص اعصاب معرفی کنید .,"O,O,O,O,O,O,O"
آیا می توانید یک دکتر برای افسردگی معرفی کنید ؟,"O,O,O,O,O,O,O,O,O,O"
من دنبال یک دکتر خانم برای آسم در کرج می گردم .,"O,O,O,O,B-gen,O,O,O,B-cit,O,O,O"
به نظر شما دکتر مرد برای اعصاب در رشت بهتر است یا کرج ؟,"O,O,O,O,B-gen,O,O,O,B-cit,O,O,O,B-cit,O"
بهترین دکتر برای گوارش در ارومیه کیه ؟,"O,O,O,O,O,B-cit,O,O"
یک دکتر مرد خوب برای روانپزشکی در قم یا شیراز سراغ دارید ؟,"O,O,B-gen,O,O,O,O,B-cit,O,B-cit,O,O,O"
به یک دکتر خوب برای اعصاب نیاز دارم .,"O,O,O,O,O,O,O,O,O"
یک دکتر زن خوب برای گوارش در خرم آباد سراغ دارید ؟,"O,O,B-gen,O,O,O,O,B-cit,I-cit,O,O,O"
لطفاً یک دکتر زن برای درمان روانپزشکی در همدان معرفی کنید .,"O,O,O,B-gen,O,O,O,O,B-cit,O,O,O"
من دنبال یک دکتر زن برای گوش و حلق و بینی در رشت یا خرم آباد می گردم .,"O,O,O,O,B-gen,O,O,O,O,O,O,O,B-cit,O,B-cit,I-cit,O,O,O"
بهترین دکتر خانم برای پوست در اردبیل یا مشهد کیه ؟,"O,O,B-gen,O,O,O,B-cit,O,B-cit,O,O"
یک دکتر مرد خوب برای کودکان در قم یا اردبیل سراغ دارید ؟,"O,O,B-gen,O,O,O,O,B-cit,O,B-cit,O,O,O"
بهترین دکتر خانم برای روماتیسم در یزد یا شیراز کیه ؟,"O,O,B-gen,O,O,O,B-cit,O,B-cit,O,O"
لطفاً یک دکتر مرد برای درمان روانپزشکی در تبریز یا کرمانشاه معرفی کنید .,"O,O,O,B-gen,O,O,O,O,B-cit,O,B-cit,O,O,O"
من به یک دکتر برای درمان اعصاب نیاز دارم .,"O,O,O,O,O,O,O,O,O,O"
کسی متخصص مشکلات قلبی در خرم آباد رو می شناسه ؟,"O,O,O,O,O,B-cit,I-cit,O,O,O,O"
من دنبال یک دکتر خانم برای پوست در مشهد یا تبریز می گردم .,"O,O,O,O,B-gen,O,O,O,B-cit,O,B-cit,O,O,O"
بهترین دکتر برای سرطان در ارومیه کیه ؟,"O,O,O,O,O,B-cit,O,O"
یک دکتر مرد خوب برای کودکان در اراک سراغ دارید ؟,"O,O,B-gen,O,O,O,O,B-cit,O,O,O"
بهترین دکتر زن برای روماتیسم در اراک کیه ؟,"O,O,B-gen,O,O,O,B-cit,O,O"
من دنبال یک دکتر خانم برای مشکلات قلبی در ارومیه می گردم .,"O,O,O,O,B-gen,O,O,O,O,B-cit,O,O,O"
کسی یک دکتر زن برای سرطان در اراک یا اصفهان می شناسه ؟,"O,O,O,B-gen,O,O,O,B-cit,O,B-cit,O,O,O"
به یک دکتر خوب برای گوش و حلق و بینی نیاز دارم .,"O,O,O,O,O,O,O,O,O,O,O,O,O"
یک دکتر زن خوب برای گوش و حلق و بینی در زنجان یا کرمانشاه سراغ دارید ؟,"O,O,B-gen,O,O,O,O,O,O,O,O,B-cit,O,B-cit,O,O,O"
یک دکتر زن خوب برای کودکان در اراک یا سنندج سراغ دارید ؟,"O,O,B-gen,O,O,O,O,B-cit,O,B-cit,O,O,O"
به نظر شما دکتر خانم برای دیابت در یزد بهتر است یا قم ؟,"O,O,O,O,B-gen,O,O,O,B-cit,O,O,O,B-cit,O"
یک دکتر زن خوب برای سرطان در بوشهر یا کرج سراغ دارید ؟,"O,O,B-gen,O,O,O,O,B-cit,O,B-cit,O,O,O"
بهترین دکتر خانم برای پوست در سنندج یا تبریز کیه ؟,"O,O,B-gen,O,O,O,B-cit,O,B-cit,O,O"
بهترین دکتر مرد برای گوش و حلق و بینی در سنندج کیه ؟,"O,O,B-gen,O,O,O,O,O,O,O,B-cit,O,O"
یک دکتر خانم خوب برای روانپزشکی در شیراز یا یزد سراغ دارید ؟,"O,O,B-gen,O,O,O,O,B-cit,O,B-cit,O,O,O"
من دنبال یک دکتر مرد برای آسم در قم یا شیراز می گردم .,"O,O,O,O,B-gen,O,O,O,B-cit,O,B-cit,O,O,O"
یک متخصص برای مشکلات قلبی در زنجان سراغ دارید ؟,"O,O,O,O,O,O,B-cit,O,O,O"
لطفاً یک متخصص پوست معرفی کنید .,"O,O,O,O,O,O,O"
من به یک دکتر برای درمان آسم نیاز دارم .,"O,O,O,O,O,O,O,O,O,O"
بهترین دکتر خانم برای افسردگی در قم کیه ؟,"O,O,B-gen,O,O,O,B-cit,O,O"
دنبال یک دکتر خانم متخصص اعصاب در یزد هستم .,"O,O,O,B-gen,O,O,O,B-cit,O,O"
به نظر شما دکتر خانم برای دیابت در اراک بهتر است یا کرج ؟,"O,O,O,O,B-gen,O,O,O,B-cit,O,O,O,B-cit,O"
کسی متخصص دیابت در یزد رو می شناسه ؟,"O,O,O,O,B-cit,O,O,O,O"
کسی متخصص مشکلات قلبی در قم رو می شناسه ؟,"O,O,O,O,O,B-cit,O,O,O,O"
بهترین دکتر مرد برای پوست در اراک یا ساری کیه ؟,"O,O,B-gen,O,O,O,B-cit,O,B-cit,O,O"
بهترین دکتر خانم برای آسم در ارومیه کیه ؟,"O,O,B-gen,O,O,O,B-cit,O,O"
کسی متخصص گوش و حلق و بینی در تبریز رو می شناسه ؟,"O,O,O,O,O,O,O,O,B-cit,O,O,O,O"
یک دکتر زن خوب برای اعصاب در بوشهر یا زنجان سراغ دارید ؟,"O,O,B-gen,O,O,O,O,B-cit,O,B-cit,O,O,O"
لطفاً یک دکتر مرد برای درمان روانپزشکی در اراک یا زنجان معرفی کنید .,"O,O,O,B-gen,O,O,O,O,B-cit,O,B-cit,O,O,O"
کسی می تونه یک دکتر خانم برای آسم در تهران معرفی کنه ؟,"O,O,O,O,O,B-gen,O,O,O,B-cit,O,O,O"
یک دکتر خانم خوب برای سرطان در قم یا تهران سراغ دارید ؟,"O,O,B-gen,O,O,O,O,B-cit,O,B-cit,O,O,O"
یک دکتر خانم خوب برای گوارش در اراک یا مشهد سراغ دارید ؟,"O,O,B-gen,O,O,O,O,B-cit,O,B-cit,O,O,O"
یک دکتر برای کودکان در سنندج معرفی می کنید ؟,"O,O,O,O,O,B-cit,O,O,O,O"
کسی متخصص چشم در شیراز رو می شناسه ؟,"O,O,O,O,B-cit,O,O,O,O"
من دنبال یک دکتر مرد برای کودکان در بوشهر می گردم .,"O,O,O,O,B-gen,O,O,O,B-cit,O,O,O"
کسی دکتری برای پوست در کرج می شناسه ؟,"O,O,O,O,O,B-cit,O,O,O"
بهترین دکتر مرد برای روانپزشکی در اصفهان کیه ؟,"O,O,B-gen,O,O,O,B-cit,O,O"
کسی دکتری برای ارتوپد در ارومیه می شناسه ؟,"O,O,O,O,O,B-cit,O,O,O"
کسی متخصص گوارش در قم رو می شناسه ؟,"O,O,O,O,B-cit,O,O,O,O"
لطفاً یک متخصص روانپزشکی معرفی کنید .,"O,O,O,O,O,O,O"
کسی می تونه یک دکتر مرد برای روماتیسم در همدان معرفی کنه ؟,"O,O,O,O,O,B-gen,O,O,O,B-cit,O,O,O"
به نظر شما دکتر مرد برای زنان در مشهد بهتر است یا تهران ؟,"O,O,O,O,B-gen,O,B-gen,O,B-cit,O,O,O,B-cit,O"
بهترین دکتر زن برای گوارش در خرم آباد کیه ؟,"O,O,B-gen,O,O,O,B-cit,I-cit,O,O"
لطفاً یک متخصص کودکان معرفی کنید .,"O,O,O,O,O,O,O"
من دنبال یک دکتر خانم برای پوست در خرم آباد می گردم .,"O,O,O,O,B-gen,O,O,O,B-cit,I-cit,O,O,O"
بهترین دکتر خانم برای اعصاب در مشهد یا رشت کیه ؟,"O,O,B-gen,O,O,O,B-cit,O,B-cit,O,O"
دنبال دکتر خوبی برای آسم می گردم .,"O,O,O,O,O,O,O,O"
دنبال یک دکتر خانم متخصص گوش و حلق و بینی در اهواز هستم .,"O,O,O,B-gen,O,O,O,O,O,O,O,B-cit,O,O"
کسی یک دکتر مرد برای کودکان در کرج یا همدان می شناسه ؟,"O,O,O,B-gen,O,O,O,B-cit,O,B-cit,O,O,O"
آیا می توانید یک دکتر برای مشکلات قلبی معرفی کنید ؟,"O,O,O,O,O,O,O,O,O,O,O"
کسی متخصص ارتوپد در زنجان رو می شناسه ؟,"O,O,O,O,B-cit,O,O,O,O"
دنبال یک دکتر زن متخصص گوش و حلق و بینی در رشت هستم .,"O,O,O,B-gen,O,O,O,O,O,O,O,B-cit,O,O"
لطفاً یک متخصص چشم معرفی کنید .,"O,O,O,O,O,O,O"
من به یک دکتر برای درمان پوست نیاز دارم .,"O,O,O,O,O,O,O,O,O,O"
یک دکتر زن خوب برای زنان در کرج سراغ دارید ؟,"O,O,B-gen,O,O,B-gen,O,B-cit,O,O,O"
به یک دکتر خوب برای اعصاب نیاز دارم .,"O,O,O,O,O,O,O,O,O"
بهترین دکتر خانم برای ارتوپد در یزد یا اراک کیه ؟,"O,O,B-gen,O,O,O,B-cit,O,B-cit,O,O"
آیا می توانید یک دکتر برای دیابت معرفی کنید ؟,"O,O,O,O,O,O,O,O,O,O"
لطفاً یک دکتر خانم برای درمان سرطان در زنجان معرفی کنید .,"O,O,O,B-gen,O,O,O,O,B-cit,O,O,O"
کسی یک دکتر زن برای دیابت در اراک می شناسه ؟,"O,O,O,B-gen,O,O,O,B-cit,O,O,O"
بهترین دکتر مرد برای افسردگی در یزد یا تهران کیه ؟,"O,O,B-gen,O,O,O,B-cit,O,B-cit,O,O"
به یک دکتر زن در زنجان برای درمان روماتیسم نیاز دارم .,"O,O,O,B-gen,O,B-cit,O,O,O,O,O,O"
کسی می تونه یک دکتر مرد برای سرطان در رشت معرفی کنه ؟,"O,O,O,O,O,B-gen,O,O,O,B-cit,O,O,O"
به نظر شما دکتر زن برای آسم در تبریز بهتر است یا تهران ؟,"O,O,O,O,B-gen,O,O,O,B-cit,O,O,O,B-cit,O"
کسی یک دکتر زن برای اعصاب در سنندج یا زنجان می شناسه ؟,"O,O,O,B-gen,O,O,O,B-cit,O,B-cit,O,O,O"
کسی یک دکتر مرد برای گوارش در اهواز می شناسه ؟,"O,O,O,B-gen,O,O,O,B-cit,O,O,O"
یک دکتر زن خوب برای آسم در ارومیه یا قم سراغ دارید ؟,"O,O,B-gen,O,O,O,O,B-cit,O,B-cit,O,O,O"
به نظر شما دکتر مرد برای زنان در همدان بهتر است یا ارومیه ؟,"O,O,O,O,B-gen,O,B-gen,O,B-cit,O,O,O,B-cit,O"
آیا می توانید یک دکتر برای چشم معرفی کنید ؟,"O,O,O,O,O,O,O,O,O,O"
دنبال دکتر خوبی برای پوست می گردم .,"O,O,O,O,O,O,O,O"
دنبال یک دکتر مرد متخصص چشم در اصفهان هستم .,"O,O,O,B-gen,O,O,O,B-cit,O,O"
کسی دکتری برای اعصاب در ساری می شناسه ؟,"O,O,O,O,O,B-cit,O,O,O"
بهترین دکتر مرد در خرم آباد برای دیابت چه کسی است ?,"O,O,B-gen,O,B-cit,I-cit,O,O,O,O,O,O"
بهترین دکتر مرد برای گوش و حلق و بینی در ساری یا اراک کیه ؟,"O,O,B-gen,O,O,O,O,O,O,O,B-cit,O,B-cit,O,O"
لطفاً یک دکتر مرد برای درمان پوست در خرم آباد یا اصفهان معرفی کنید .,"O,O,O,B-gen,O,O,O,O,B-cit,I-cit,O,B-cit,O,O,O"
من دنبال یک دکتر خانم برای مشکلات قلبی در رشت می گردم .,"O,O,O,O,B-gen,O,O,O,O,B-cit,O,O,O"
من دنبال یک دکتر زن برای دیابت در اهواز یا تهران می گردم .,"O,O,O,O,B-gen,O,O,O,B-cit,O,B-cit,O,O,O"
بهترین دکتر خانم برای چشم در اراک یا کرج کیه ؟,"O,O,B-gen,O,O,O,B-cit,O,B-cit,O,O"
یک دکتر زن خوب برای گوش و حلق و بینی در بوشهر سراغ دارید ؟,"O,O,B-gen,O,O,O,O,O,O,O,O,B-cit,O,O,O"
من دنبال یک دکتر خانم برای روماتیسم در ارومیه یا اردبیل می گردم .,"O,O,O,O,B-gen,O,O,O,B-cit,O,B-cit,O,O,O"
آیا دکتری خانم در ارومیه برای گوارش می شناسید ؟,"O,O,B-gen,O,B-cit,O,O,O,O,O"
به یک دکتر خانم در ارومیه برای درمان روانپزشکی نیاز دارم .,"O,O,O,B-gen,O,B-cit,O,O,O,O,O,O"
یک دکتر برای روماتیسم در ارومیه معرفی می کنید ؟,"O,O,O,O,O,B-cit,O,O,O,O"
من دنبال یک دکتر زن برای زنان در خرم آباد یا زنجان می گردم .,"O,O,O,O,B-gen,O,B-gen,O,B-cit,I-cit,O,B-cit,O,O,O"
به نظر شما دکتر مرد برای روماتیسم در شیراز بهتر است یا همدان ؟,"O,O,O,O,B-gen,O,O,O,B-cit,O,O,O,B-cit,O"
یک متخصص برای روماتیسم در شیراز سراغ دارید ؟,"O,O,O,O,O,B-cit,O,O,O"
من به یک دکتر برای درمان زنان نیاز دارم .,"O,O,O,O,O,O,B-gen,O,O,O"
به یک دکتر خوب برای چشم نیاز دارم .,"O,O,O,O,O,O,O,O,O"
بهترین دکتر مرد برای پوست در قم کیه ؟,"O,O,B-gen,O,O,O,B-cit,O,O"
آیا می توانید یک دکتر برای گوش و حلق و بینی معرفی کنید ؟,"O,O,O,O,O,O,O,O,O,O,O,O,O,O"
لطفاً یک متخصص کودکان معرفی کنید .,"O,O,O,O,O,O,O"
کسی یک دکتر زن برای روماتیسم در رشت می شناسه ؟,"O,O,O,B-gen,O,O,O,B-cit,O,O,O"
یک دکتر برای چشم در تهران معرفی می کنید ؟,"O,O,O,O,O,B-cit,O,O,O,O"
من دنبال یک دکتر زن برای گوش و حلق و بینی در قم یا یزد می گردم .,"O,O,O,O,B-gen,O,O,O,O,O,O,O,B-cit,O,B-cit,O,O,O"
بهترین دکتر مرد در خرم آباد برای سرطان چه کسی است ?,"O,O,B-gen,O,B-cit,I-cit,O,O,O,O,O,O"
کسی متخصص گوش و حلق و بینی در کرج رو می شناسه ؟,"O,O,O,O,O,O,O,O,B-cit,O,O,O,O"
بهترین دکتر خانم در سنندج برای افسردگی چه کسی است ?,"O,O,B-gen,O,B-cit,O,O,O,O,O,O"
آیا می توانید یک دکتر برای سرطان معرفی کنید ؟,"O,O,O,O,O,O,O,O,O,O"
بهترین دکتر خانم برای کودکان در کرج کیه ؟,"O,O,B-gen,O,O,O,B-cit,O,O"
کسی متخصص چشم در اصفهان رو می شناسه ؟,"O,O,O,O,B-cit,O,O,O,O"
یک متخصص برای دیابت در مشهد سراغ دارید ؟,"O,O,O,O,O,B-cit,O,O,O"
کسی می تونه یک دکتر زن برای مشکلات قلبی در تبریز معرفی کنه ؟,"O,O,O,O,O,B-gen,O,O,O,O,B-cit,O,O,O"
بهترین دکتر برای افسردگی در همدان کیه ؟,"O,O,O,O,O,B-cit,O,O"
کسی یک دکتر زن برای مشکلات قلبی در اردبیل می شناسه ؟,"O,O,O,B-gen,O,O,O,O,B-cit,O,O,O"
لطفاً یک دکتر زن برای درمان روانپزشکی در تهران معرفی کنید .,"O,O,O,B-gen,O,O,O,O,B-cit,O,O,O"
کسی دکتری برای افسردگی در اصفهان می شناسه ؟,"O,O,O,O,O,B-cit,O,O,O"
کسی متخصص پوست در اراک رو می شناسه ؟,"O,O,O,O,B-cit,O,O,O,O"
آیا دکتری زن در ساری برای افسردگی می شناسید ؟,"O,O,B-gen,O,B-cit,O,O,O,O,O"
یک دکتر خانم خوب برای مشکلات قلبی در قم سراغ دارید ؟,"O,O,B-gen,O,O,O,O,O,B-cit,O,O,O"
من به یک دکتر برای درمان زنان نیاز دارم .,"O,O,O,O,O,O,B-gen,O,O,O"
بهترین دکتر برای روماتیسم در یزد کیه ؟,"O,O,O,O,O,B-cit,O,O"
لطفاً یک دکتر مرد برای درمان پوست در تهران معرفی کنید .,"O,O,O,B-gen,O,O,O,O,B-cit,O,O,O"
کسی متخصص سرطان در کرمانشاه رو می شناسه ؟,"O,O,O,O,B-cit,O,O,O,O"
یک دکتر زن خوب برای کودکان در یزد سراغ دارید ؟,"O,O,B-gen,O,O,O,O,B-cit,O,O,O"
به یک دکتر خوب برای کودکان نیاز دارم .,"O,O,O,O,O,O,O,O,O"
بهترین دکتر خانم برای گوارش در اراک یا اهواز کیه ؟,"O,O,B-gen,O,O,O,B-cit,O,B-cit,O,O"
دنبال یک دکتر زن متخصص گوارش در زنجان هستم .,"O,O,O,B-gen,O,O,O,B-cit,O,O"
بهترین دکتر خانم برای زنان در ساری یا مشهد کیه ؟,"O,O,B-gen,O,B-gen,O,B-cit,O,B-cit,O,O"
یک دکتر زن خوب برای اعصاب در مشهد یا اهواز سراغ دارید ؟,"O,O,B-gen,O,O,O,O,B-cit,O,B-cit,O,O,O"
یک دکتر زن خوب برای زنان در یزد یا خرم آباد سراغ دارید ؟,"O,O,B-gen,O,O,B-gen,O,B-cit,O,B-cit,I-cit,O,O,O"
لطفاً یک متخصص پوست معرفی کنید .,"O,O,O,O,O,O,O"
آیا می توانید یک دکتر برای آسم معرفی کنید ؟,"O,O,O,O,O,O,O,O,O,O"
لطفاً یک دکتر زن برای درمان ارتوپد در اراک یا یزد معرفی کنید .,"O,O,O,B-gen,O,O,O,O,B-cit,O,B-cit,O,O,O"
یک دکتر برای مشکلات قلبی در اراک معرفی می کنید ؟,"O,O,O,O,O,O,B-cit,O,O,O,O"
بهترین دکتر برای مشکلات قلبی در یزد کیه ؟,"O,O,O,O,O,O,B-cit,O,O"
دنبال یک دکتر خانم متخصص افسردگی در اصفهان هستم .,"O,O,O,B-gen,O,O,O,B-cit,O,O"
لطفاً یک دکتر مرد برای درمان کودکان در کرمانشاه معرفی کنید .,"O,O,O,B-gen,O,O,O,O,B-cit,O,O,O"
کسی یک دکتر مرد برای اعصاب در کرمانشاه می شناسه ؟,"O,O,O,B-gen,O,O,O,B-cit,O,O,O"
من به یک دکتر برای درمان افسردگی نیاز دارم .,"O,O,O,O,O,O,O,O,O,O"
یک دکتر خانم خوب برای چشم در بوشهر یا اردبیل سراغ دارید ؟,"O,O,B-gen,O,O,O,O,B-cit,O,B-cit,O,O,O"
من دنبال یک دکتر زن برای گوش و حلق و بینی در تهران می گردم .,"O,O,O,O,B-gen,O,O,O,O,O,O,O,B-cit,O,O,O"
بهترین دکتر برای پوست در ساری کیه ؟,"O,O,O,O,O,B-cit,O,O"
یک متخصص برای گوش و حلق و بینی در مشهد سراغ دارید ؟,"O,O,O,O,O,O,O,O,O,B-cit,O,O,O"
کسی می تونه یک دکتر زن برای آسم در سنندج معرفی کنه ؟,"O,O,O,O,O,B-gen,O,O,O,B-cit,O,O,O"
کسی یک دکتر زن برای دیابت در اصفهان یا ارومیه می شناسه ؟,"O,O,O,B-gen,O,O,O,B-cit,O,B-cit,O,O,O"
دنبال یک دکتر مرد متخصص کودکان در تهران هستم .,"O,O,O,B-gen,O,O,O,B-cit,O,O"
دنبال دکتر خوبی برای زنان می گردم .,"O,O,O,O,B-gen,O,O,O"
بهترین دکتر مرد برای روانپزشکی در اهواز یا اصفهان کیه ؟,"O,O,B-gen,O,O,O,B-cit,O,B-cit,O,O"
یک دکتر مرد خوب برای مشکلات قلبی در رشت یا تبریز سراغ دارید ؟,"O,O,B-gen,O,O,O,O,O,B-cit,O,B-cit,O,O,O"
لطفاً یک دکتر زن برای درمان دیابت در سنندج معرفی کنید .,"O,O,O,B-gen,O,O,O,O,B-cit,O,O,O"
بهترین دکتر مرد برای پوست در کرمانشاه یا سنندج کیه ؟,"O,O,B-gen,O,O,O,B-cit,O,B-cit,O,O"
یک دکتر زن خوب برای ارتوپد در قم سراغ دارید ؟,"O,O,B-gen,O,O,O,O,B-cit,O,O,O"
کسی دکتری برای زنان در کرج می شناسه ؟,"O,O,O,B-gen,O,B-cit,O,O,O"
بهترین دکتر خانم در اهواز برای دیابت چه کسی است ?,"O,O,B-gen,O,B-cit,O,O,O,O,O,O"
یک دکتر خانم خوب برای ارتوپد در اهواز یا رشت سراغ دارید ؟,"O,O,B-gen,O,O,O,O,B-cit,O,B-cit,O,O,O"
دنبال دکتر خوبی برای سرطان می گردم .,"O,O,O,O,O,O,O,O"
من دنبال یک دکتر زن برای افسردگی در ساری یا تبریز می گردم .,"O,O,O,O,B-gen,O,O,O,B-cit,O,B-cit,O,O,O"
آیا دکتری خانم در تهران برای گوارش می شناسید ؟,"O,O,B-gen,O,B-cit,O,O,O,O,O"
من دنبال یک دکتر مرد برای پوست در رشت یا کرمانشاه می گردم .,"O,O,O,O,B-gen,O,O,O,B-cit,O,B-cit,O,O,O"
لطفاً یک دکتر زن برای درمان ارتوپد در کرمانشاه یا تبریز معرفی کنید .,"O,O,O,B-gen,O,O,O,O,B-cit,O,B-cit,O,O,O"
دنبال یک دکتر مرد متخصص سرطان در کرج هستم .,"O,O,O,B-gen,O,O,O,B-cit,O,O"
کسی یک دکتر مرد برای گوارش در مشهد یا اردبیل می شناسه ؟,"O,O,O,B-gen,O,O,O,B-cit,O,B-cit,O,O,O"
لطفاً یک دکتر زن برای درمان سرطان در قم یا یزد معرفی کنید .,"O,O,O,B-gen,O,O,O,O,B-cit,O,B-cit,O,O,O"
بهترین دکتر مرد برای اعصاب در همدان یا یزد کیه ؟,"O,O,B-gen,O,O,O,B-cit,O,B-cit,O,O"
آیا دکتری خانم در تبریز برای مشکلات قلبی می شناسید ؟,"O,O,B-gen,O,B-cit,O,O,O,O,O,O"
بهترین دکتر برای آسم در بوشهر کیه ؟,"O,O,O,O,O,B-cit,O,O"
آیا می توانید یک دکتر برای اعصاب معرفی کنید ؟,"O,O,O,O,O,O,O,O,O,O"
یک دکتر مرد خوب برای دیابت در سنندج سراغ دارید ؟,"O,O,B-gen,O,O,O,O,B-cit,O,O,O"
کسی یک دکتر مرد برای آسم در مشهد یا اهواز می شناسه ؟,"O,O,O,B-gen,O,O,O,B-cit,O,B-cit,O,O,O"
من به یک دکتر برای درمان اعصاب نیاز دارم .,"O,O,O,O,O,O,O,O,O,O"
یک دکتر خانم خوب برای ارتوپد در اراک یا ارومیه سراغ دارید ؟,"O,O,B-gen,O,O,O,O,B-cit,O,B-cit,O,O,O"
آیا دکتری مرد در همدان برای گوش و حلق و بینی می شناسید ؟,"O,O,B-gen,O,B-cit,O,O,O,O,O,O,O,O,O"
کسی دکتری برای گوش و حلق و بینی در اردبیل می شناسه ؟,"O,O,O,O,O,O,O,O,O,B-cit,O,O,O"
بهترین دکتر خانم برای کودکان در خرم آباد کیه ؟,"O,O,B-gen,O,O,O,B-cit,I-cit,O,O"
آیا دکتری خانم در اصفهان برای مشکلات قلبی می شناسید ؟,"O,O,B-gen,O,B-cit,O,O,O,O,O,O"
دنبال یک دکتر زن متخصص مشکلات قلبی در سنندج هستم .,"O,O,O,B-gen,O,O,O,O,B-cit,O,O"
یک دکتر زن خوب برای ارتوپد در بوشهر یا قم سراغ دارید ؟,"O,O,B-gen,O,O,O,O,B-cit,O,B-cit,O,O,O"
من دنبال یک دکتر خانم برای سرطان در کرمانشاه یا اردبیل می گردم .,"O,O,O,O,B-gen,O,O,O,B-cit,O,B-cit,O,O,O"
آیا دکتری مرد در تبریز برای گوش و حلق و بینی می شناسید ؟,"O,O,B-gen,O,B-cit,O,O,O,O,O,O,O,O,O"
دنبال دکتر خوبی برای اعصاب می گردم .,"O,O,O,O,O,O,O,O"
من دنبال یک دکتر مرد برای روانپزشکی در بوشهر می گردم .,"O,O,O,O,B-gen,O,O,O,B-cit,O,O,O"
به یک دکتر مرد در تبریز برای درمان سرطان نیاز دارم .,"O,O,O,B-gen,O,B-cit,O,O,O,O,O,O"
دنبال دکتر خوبی برای افسردگی می گردم .,"O,O,O,O,O,O,O,O"
من به یک دکتر برای درمان زنان نیاز دارم .,"O,O,O,O,O,O,B-gen,O,O,O"
لطفاً یک دکتر زن برای درمان سرطان در اردبیل معرفی کنید .,"O,O,O,B-gen,O,O,O,O,B-cit,O,O,O"
به نظر شما دکتر مرد برای گوش و حلق و بینی در همدان بهتر است یا کرج ؟,"O,O,O,O,B-gen,O,O,O,O,O,O,O,B-cit,O,O,O,B-cit,O"
من دنبال یک دکتر مرد برای مشکلات قلبی در کرمانشاه یا ساری می گردم .,"O,O,O,O,B-gen,O,O,O,O,B-cit,O,B-cit,O,O,O"
به نظر شما دکتر مرد برای اعصاب در ساری بهتر است یا زنجان ؟,"O,O,O,O,B-gen,O,O,O,B-cit,O,O,O,B-cit,O"
لطفاً یک دکتر زن برای درمان گوش و حلق و بینی در خرم آباد معرفی کنید .,"O,O,O,B-gen,O,O,O,O,O,O,O,O,B-cit,I-cit,O,O,O"
دنبال یک دکتر مرد متخصص افسردگی در اصفهان هستم .,"O,O,O,B-gen,O,O,O,B-cit,O,O"
یک دکتر زن خوب برای آسم در تبریز سراغ دارید ؟,"O,O,B-gen,O,O,O,O,B-cit,O,O,O"
دنبال دکتر خوبی برای پوست می گردم .,"O,O,O,O,O,O,O,O"
من دنبال یک دکتر خانم برای زنان در بوشهر یا خرم آباد می گردم .,"O,O,O,O,B-gen,O,B-gen,O,B-cit,O,B-cit,I-cit,O,O,O"
آیا می توانید یک دکتر برای مشکلات قلبی معرفی کنید ؟,"O,O,O,O,O,O,O,O,O,O,O"
بهترین دکتر خانم در ساری برای روماتیسم چه کسی است ?,"O,O,B-gen,O,B-cit,O,O,O,O,O,O"
یک متخصص برای اعصاب در رشت سراغ دارید ؟,"O,O,O,O,O,B-cit,O,O,O"
بهترین دکتر برای پوست در اراک کیه ؟,"O,O,O,O,O,B-cit,O,O"
یک دکتر برای افسردگی در قم معرفی می کنید ؟,"O,O,O,O,O,B-cit,O,O,O,O"
کسی یک دکتر زن برای اعصاب در رشت می شناسه ؟,"O,O,O,B-gen,O,O,O,B-cit,O,O,O"
لطفاً یک دکتر زن برای درمان کودکان در اراک یا سنندج معرفی کنید .,"O,O,O,B-gen,O,O,O,O,B-cit,O,B-cit,O,O,O"
به یک دکتر خوب برای مشکلات قلبی نیاز دارم .,"O,O,O,O,O,O,O,O,O,O"
یک متخصص برای افسردگی در ارومیه سراغ دارید ؟,"O,O,O,O,O,B-cit,O,O,O"
من به یک دکتر برای درمان گوش و حلق و بینی نیاز دارم .,"O,O,O,O,O,O,O,O,O,O,O,O,O,O"
به یک دکتر خوب برای پوست نیاز دارم .,"O,O,O,O,O,O,O,O,O"
کسی یک دکتر خانم برای چشم در اردبیل یا اصفهان می شناسه ؟,"O,O,O,B-gen,O,O,O,B-cit,O,B-cit,O,O,O"
دنبال دکتر خوبی برای سرطان می گردم .,"O,O,O,O,O,O,O,O"
من به یک دکتر برای درمان چشم نیاز دارم .,"O,O,O,O,O,O,O,O,O,O"
دنبال دکتر خوبی برای اعصاب می گردم .,"O,O,O,O,O,O,O,O"
یک دکتر مرد خوب برای آسم در رشت یا تبریز سراغ دارید ؟,"O,O,B-gen,O,O,O,O,B-cit,O,B-cit,O,O,O"
لطفاً یک دکتر زن برای درمان کودکان در ساری یا سنندج معرفی کنید .,"O,O,O,B-gen,O,O,O,O,B-cit,O,B-cit,O,O,O"
بهترین دکتر مرد برای گوارش در سنندج کیه ؟,"O,O,B-gen,O,O,O,B-cit,O,O"
آیا دکتری خانم در تهران برای گوش و حلق و بینی می شناسید ؟,"O,O,B-gen,O,B-cit,O,O,O,O,O,O,O,O,O"
دنبال دکتر خوبی برای پوست می گردم .,"O,O,O,O,O,O,O,O"
به نظر شما دکتر مرد برای پوست در ارومیه بهتر است یا تبریز ؟,"O,O,O,O,B-gen,O,O,O,B-cit,O,O,O,B-cit,O"
یک دکتر خانم خوب برای روماتیسم در کرمانشاه سراغ دارید ؟,"O,O,B-gen,O,O,O,O,B-cit,O,O,O"
یک دکتر خانم خوب برای افسردگی در اصفهان یا ارومیه سراغ دارید ؟,"O,O,B-gen,O,O,O,O,B-cit,O,B-cit,O,O,O"
بهترین دکتر مرد برای روانپزشکی در شیراز یا همدان کیه ؟,"O,O,B-gen,O,O,O,B-cit,O,B-cit,O,O"
لطفاً یک دکتر زن برای درمان کودکان در قم یا تهران معرفی کنید .,"O,O,O,B-gen,O,O,O,O,B-cit,O,B-cit,O,O,O"
کسی یک دکتر خانم برای کودکان در مشهد می شناسه ؟,"O,O,O,B-gen,O,O,O,B-cit,O,O,O"
آیا دکتری خانم در زنجان برای پوست می شناسید ؟,"O,O,B-gen,O,B-cit,O,O,O,O,O"
کسی یک دکتر زن برای مشکلات قلبی در اهواز می شناسه ؟,"O,O,O,B-gen,O,O,O,O,B-cit,O,O,O"
آیا می توانید یک دکتر برای آسم معرفی کنید ؟,"O,O,O,O,O,O,O,O,O,O"
کسی یک دکتر زن برای مشکلات قلبی در اراک می شناسه ؟,"O,O,O,B-gen,O,O,O,O,B-cit,O,O,O"
کسی یک دکتر خانم برای افسردگی در اردبیل یا ارومیه می شناسه ؟,"O,O,O,B-gen,O,O,O,B-cit,O,B-cit,O,O,O"
کسی یک دکتر زن برای آسم در تبریز می شناسه ؟,"O,O,O,B-gen,O,O,O,B-cit,O,O,O"
بهترین دکتر مرد در ساری برای چشم چه کسی است ?,"O,O,B-gen,O,B-cit,O,O,O,O,O,O"
دنبال دکتر خوبی برای کودکان می گردم .,"O,O,O,O,O,O,O,O"
دنبال یک دکتر زن متخصص اعصاب در اراک هستم .,"O,O,O,B-gen,O,O,O,B-cit,O,O"
من به یک دکتر برای درمان اعصاب نیاز دارم .,"O,O,O,O,O,O,O,O,O,O"
من دنبال یک دکتر مرد برای چشم در مشهد یا اهواز می گردم .,"O,O,O,O,B-gen,O,O,O,B-cit,O,B-cit,O,O,O"
به یک دکتر زن در بوشهر برای درمان اعصاب نیاز دارم .,"O,O,O,B-gen,O,B-cit,O,O,O,O,O,O"
یک دکتر زن خوب برای روانپزشکی در اراک سراغ دارید ؟,"O,O,B-gen,O,O,O,O,B-cit,O,O,O"
یک متخصص برای آسم در تبریز سراغ دارید ؟,"O,O,O,O,O,B-cit,O,O,O"
یک دکتر خانم خوب برای پوست در رشت یا شیراز سراغ دارید ؟,"O,O,B-gen,O,O,O,O,B-cit,O,B-cit,O,O,O"
کسی یک دکتر زن برای آسم در اردبیل می شناسه ؟,"O,O,O,B-gen,O,O,O,B-cit,O,O,O"
لطفاً یک متخصص گوش و حلق و بینی معرفی کنید .,"O,O,O,O,O,O,O,O,O,O,O"
بهترین دکتر برای اعصاب در تبریز کیه ؟,"O,O,O,O,O,B-cit,O,O"
یک دکتر برای گوش و حلق و بینی در همدان معرفی می کنید ؟,"O,O,O,O,O,O,O,O,O,B-cit,O,O,O,O"
یک متخصص برای روانپزشکی در تهران سراغ دارید ؟,"O,O,O,O,O,B-cit,O,O,O"
به یک دکتر خوب برای سرطان نیاز دارم .,"O,O,O,O,O,O,O,O,O"
کسی متخصص گوارش در اهواز رو می شناسه ؟,"O,O,O,O,B-cit,O,O,O,O"
یک دکتر زن خوب برای پوست در زنجان یا مشهد سراغ دارید ؟,"O,O,B-gen,O,O,O,O,B-cit,O,B-cit,O,O,O"
بهترین دکتر زن برای روانپزشکی در کرج یا خرم آباد کیه ؟,"O,O,B-gen,O,O,O,B-cit,O,B-cit,I-cit,O,O"
کسی یک دکتر زن برای ارتوپد در شیراز یا مشهد می شناسه ؟,"O,O,O,B-gen,O,O,O,B-cit,O,B-cit,O,O,O"
من به یک دکتر برای درمان زنان نیاز دارم .,"O,O,O,O,O,O,B-gen,O,O,O"
به یک دکتر خوب برای ارتوپد نیاز دارم .,"O,O,O,O,O,O,O,O,O"
کسی یک دکتر زن برای ارتوپد در اهواز یا همدان می شناسه ؟,"O,O,O,B-gen,O,O,O,B-cit,O,B-cit,O,O,O"
بهترین دکتر مرد برای زنان در تبریز یا کرج کیه ؟,"O,O,B-gen,O,B-gen,O,B-cit,O,B-cit,O,O"
آیا می توانید یک دکتر برای چشم معرفی کنید ؟,"O,O,O,O,O,O,O,O,O,O"
یک دکتر خانم خوب برای چشم در اصفهان سراغ دارید ؟,"O,O,B-gen,O,O,O,O,B-cit,O,O,O"
لطفاً یک دکتر مرد برای درمان دیابت در خرم آباد یا قم معرفی کنید .,"O,O,O,B-gen,O,O,O,O,B-cit,I-cit,O,B-cit,O,O,O"
کسی یک دکتر مرد برای اعصاب در کرج یا همدان می شناسه ؟,"O,O,O,B-gen,O,O,O,B-cit,O,B-cit,O,O,O"
کسی یک دکتر زن برای افسردگی در کرج یا رشت می شناسه ؟,"O,O,O,B-gen,O,O,O,B-cit,O,B-cit,O,O,O"
کسی دکتری برای افسردگی در اردبیل می شناسه ؟,"O,O,O,O,O,B-cit,O,O,O"
کسی می تونه یک دکتر مرد برای کودکان در اردبیل معرفی کنه ؟,"O,O,O,O,O,B-gen,O,O,O,B-cit,O,O,O"
یک متخصص برای دیابت در زنجان سراغ دارید ؟,"O,O,O,O,O,B-cit,O,O,O"
من به یک دکتر برای درمان اعصاب نیاز دارم .,"O,O,O,O,O,O,O,O,O,O"
کسی می تونه یک دکتر خانم برای مشکلات قلبی در شیراز معرفی کنه ؟,"O,O,O,O,O,B-gen,O,O,O,O,B-cit,O,O,O"
من به یک دکتر برای درمان چشم نیاز دارم .,"O,O,O,O,O,O,O,O,O,O"
بهترین دکتر مرد برای زنان در شیراز کیه ؟,"O,O,B-gen,O,B-gen,O,B-cit,O,O"
کسی یک دکتر مرد برای دیابت در یزد یا ساری می شناسه ؟,"O,O,O,B-gen,O,O,O,B-cit,O,B-cit,O,O,O"
لطفاً یک متخصص روانپزشکی معرفی کنید .,"O,O,O,O,O,O,O"
دنبال یک دکتر زن متخصص گوش و حلق و بینی در تهران هستم .,"O,O,O,B-gen,O,O,O,O,O,O,O,B-cit,O,O"
به نظر شما دکتر مرد برای ارتوپد در یزد بهتر است یا سنندج ؟,"O,O,O,O,B-gen,O,O,O,B-cit,O,O,O,B-cit,O"
یک دکتر برای اعصاب در خرم آباد معرفی می کنید ؟,"O,O,O,O,O,B-cit,I-cit,O,O,O,O"
آیا دکتری زن در بوشهر برای زنان می شناسید ؟,"O,O,B-gen,O,B-cit,O,B-gen,O,O,O"
لطفاً یک دکتر خانم برای درمان اعصاب در اردبیل معرفی کنید .,"O,O,O,B-gen,O,O,O,O,B-cit,O,O,O"
به نظر شما دکتر مرد برای روماتیسم در اراک بهتر است یا زنجان ؟,"O,O,O,O,B-gen,O,O,O,B-cit,O,O,O,B-cit,O"
به یک دکتر خانم در ساری برای درمان زنان نیاز دارم .,"O,O,O,B-gen,O,B-cit,O,O,B-gen,O,O,O"
من دنبال یک دکتر مرد برای روانپزشکی در همدان می گردم .,"O,O,O,O,B-gen,O,O,O,B-cit,O,O,O"
به یک دکتر مرد در رشت برای درمان کودکان نیاز دارم .,"O,O,O,B-gen,O,B-cit,O,O,O,O,O,O"
یک دکتر مرد خوب برای چشم در همدان یا قم سراغ دارید ؟,"O,O,B-gen,O,O,O,O,B-cit,O,B-cit,O,O,O"
دنبال یک دکتر مرد متخصص روانپزشکی در اراک هستم .,"O,O,O,B-gen,O,O,O,B-cit,O,O"
کسی یک دکتر زن برای چشم در اردبیل می شناسه ؟,"O,O,O,B-gen,O,O,O,B-cit,O,O,O"
آیا می توانید یک دکتر برای روماتیسم معرفی کنید ؟,"O,O,O,O,O,O,O,O,O,O"
دنبال یک دکتر زن متخصص افسردگی در اراک هستم .,"O,O,O,B-gen,O,O,O,B-cit,O,O"
بهترین دکتر مرد در خرم آباد برای آسم چه کسی است ?,"O,O,B-gen,O,B-cit,I-cit,O,O,O,O,O,O"
یک متخصص برای اعصاب در شیراز سراغ دارید ؟,"O,O,O,O,O,B-cit,O,O,O"
لطفاً یک دکتر خانم برای درمان ارتوپد در همدان یا خرم آباد معرفی کنید .,"O,O,O,B-gen,O,O,O,O,B-cit,O,B-cit,I-cit,O,O,O"
بهترین دکتر زن برای سرطان در تهران کیه ؟,"O,O,B-gen,O,O,O,B-cit,O,O"
یک متخصص برای چشم در رشت سراغ دارید ؟,"O,O,O,O,O,B-cit,O,O,O"
لطفاً یک دکتر خانم برای درمان مشکلات قلبی در شیراز معرفی کنید .,"O,O,O,B-gen,O,O,O,O,O,B-cit,O,O,O"
من دنبال یک دکتر زن برای روماتیسم در اردبیل می گردم .,"O,O,O,O,B-gen,O,O,O,B-cit,O,O,O"
یک دکتر زن خوب برای زنان در همدان یا اهواز سراغ دارید ؟,"O,O,B-gen,O,O,B-gen,O,B-cit,O,B-cit,O,O,O"
آیا می توانید یک دکتر برای دیابت معرفی کنید ؟,"O,O,O,O,O,O,O,O,O,O"
کسی یک دکتر خانم برای گوارش در تبریز یا مشهد می شناسه ؟,"O,O,O,B-gen,O,O,O,B-cit,O,B-cit,O,O,O"
دنبال دکتر خوبی برای روماتیسم می گردم .,"O,O,O,O,O,O,O,O"
یک دکتر برای روانپزشکی در تهران معرفی می کنید ؟,"O,O,O,O,O,B-cit,O,O,O,O"
یک دکتر برای آسم در ساری معرفی می کنید ؟,"O,O,O,O,O,B-cit,O,O,O,O"
دنبال یک دکتر مرد متخصص پوست در اردبیل هستم .,"O,O,O,B-gen,O,O,O,B-cit,O,O"
کسی می تونه یک دکتر مرد برای دیابت در زنجان معرفی کنه ؟,"O,O,O,O,O,B-gen,O,O,O,B-cit,O,O,O"
بهترین دکتر خانم برای آسم در رشت کیه ؟,"O,O,B-gen,O,O,O,B-cit,O,O"
من دنبال یک دکتر مرد برای سرطان در اردبیل می گردم .,"O,O,O,O,B-gen,O,O,O,B-cit,O,O,O"
به یک دکتر زن در سنندج برای درمان سرطان نیاز دارم .,"O,O,O,B-gen,O,B-cit,O,O,O,O,O,O"
یک دکتر مرد خوب برای اعصاب در ارومیه سراغ دارید ؟,"O,O,B-gen,O,O,O,O,B-cit,O,O,O"
بهترین دکتر خانم برای کودکان در یزد یا مشهد کیه ؟,"O,O,B-gen,O,O,O,B-cit,O,B-cit,O,O"
بهترین دکتر برای کودکان در اصفهان کیه ؟,"O,O,O,O,O,B-cit,O,O"
کسی یک دکتر زن برای پوست در یزد یا سنندج می شناسه ؟,"O,O,O,B-gen,O,O,O,B-cit,O,B-cit,O,O,O"
بهترین دکتر زن در کرمانشاه برای آسم چه کسی است ?,"O,O,B-gen,O,B-cit,O,O,O,O,O,O"
لطفاً یک دکتر مرد برای درمان روانپزشکی در ارومیه معرفی کنید .,"O,O,O,B-gen,O,O,O,O,B-cit,O,O,O"
من دنبال یک دکتر زن برای کودکان در یزد می گردم .,"O,O,O,O,B-gen,O,O,O,B-cit,O,O,O"
من به یک دکتر برای درمان روماتیسم نیاز دارم .,"O,O,O,O,O,O,O,O,O,O"
دنبال یک دکتر مرد متخصص ارتوپد در کرمانشاه هستم .,"O,O,O,B-gen,O,O,O,B-cit,O,O"
کسی می تونه یک دکتر زن برای دیابت در همدان معرفی کنه ؟,"O,O,O,O,O,B-gen,O,O,O,B-cit,O,O,O"
به نظر شما دکتر زن برای آسم در همدان بهتر است یا اصفهان ؟,"O,O,O,O,B-gen,O,O,O,B-cit,O,O,O,B-cit,O"
به یک دکتر خانم در زنجان برای درمان افسردگی نیاز دارم .,"O,O,O,B-gen,O,B-cit,O,O,O,O,O,O"
یک دکتر خانم خوب برای روانپزشکی در تبریز سراغ دارید ؟,"O,O,B-gen,O,O,O,O,B-cit,O,O,O"
من دنبال یک دکتر زن برای کودکان در یزد می گردم .,"O,O,O,O,B-gen,O,O,O,B-cit,O,O,O"
من دنبال یک دکتر خانم برای روانپزشکی در کرمانشاه می گردم .,"O,O,O,O,B-gen,O,O,O,B-cit,O,O,O"
بهترین دکتر برای افسردگی در خرم آباد کیه ؟,"O,O,O,O,O,B-cit,I-cit,O,O"
لطفاً یک متخصص افسردگی معرفی کنید .,"O,O,O,O,O,O,O"
یک دکتر خانم خوب برای چشم در خرم آباد یا مشهد سراغ دارید ؟,"O,O,B-gen,O,O,O,O,B-cit,I-cit,O,B-cit,O,O,O"
کسی یک دکتر خانم برای گوش و حلق و بینی در مشهد یا رشت می شناسه ؟,"O,O,O,B-gen,O,O,O,O,O,O,O,B-cit,O,B-cit,O,O,O"
لطفاً یک دکتر خانم برای درمان کودکان در اصفهان معرفی کنید .,"O,O,O,B-gen,O,O,O,O,B-cit,O,O,O"
لطفاً یک دکتر مرد برای درمان اعصاب در ارومیه یا اردبیل معرفی کنید .,"O,O,O,B-gen,O,O,O,O,B-cit,O,B-cit,O,O,O"
بهترین دکتر مرد در رشت برای آسم چه کسی است ?,"O,O,B-gen,O,B-cit,O,O,O,O,O,O"
بهترین دکتر مرد برای دیابت در کرج کیه ؟,"O,O,B-gen,O,O,O,B-cit,O,O"
یک دکتر برای پوست در اردبیل معرفی می کنید ؟,"O,O,O,O,O,B-cit,O,O,O,O"
یک متخصص برای اعصاب در اصفهان سراغ دارید ؟,"O,O,O,O,O,B-cit,O,O,O"
به یک دکتر خوب برای گوارش نیاز دارم .,"O,O,O,O,O,O,O,O,O"
به نظر شما دکتر مرد برای سرطان در اردبیل بهتر است یا قم ؟,"O,O,O,O,B-gen,O,O,O,B-cit,O,O,O,B-cit,O"
دنبال یک دکتر خانم متخصص گوش و حلق و بینی در تهران هستم .,"O,O,O,B-gen,O,O,O,O,O,O,O,B-cit,O,O"
دنبال یک دکتر مرد متخصص گوش و حلق و بینی در ارومیه هستم .,"O,O,O,B-gen,O,O,O,O,O,O,O,B-cit,O,O"
بهترین دکتر مرد در ساری برای کودکان چه کسی است ?,"O,O,B-gen,O,B-cit,O,O,O,O,O,O"
دنبال یک دکتر مرد متخصص زنان در یزد هستم .,"O,O,O,B-gen,O,B-gen,O,B-cit,O,O"
آیا می توانید یک دکتر برای زنان معرفی کنید ؟,"O,O,O,O,O,O,B-gen,O,O,O"
یک دکتر مرد خوب برای آسم در همدان یا اهواز سراغ دارید ؟,"O,O,B-gen,O,O,O,O,B-cit,O,B-cit,O,O,O"
بهترین دکتر مرد برای چشم در تهران کیه ؟,"O,O,B-gen,O,O,O,B-cit,O,O"
کسی دکتری برای ارتوپد در تهران می شناسه ؟,"O,O,O,O,O,B-cit,O,O,O"
من دنبال یک دکتر زن برای مشکلات قلبی در تهران یا ارومیه می گردم .,"O,O,O,O,B-gen,O,O,O,O,B-cit,O,B-cit,O,O,O"
کسی متخصص مشکلات قلبی در ساری رو می شناسه ؟,"O,O,O,O,O,B-cit,O,O,O,O"
کسی دکتری برای زنان در تبریز می شناسه ؟,"O,O,O,B-gen,O,B-cit,O,O,O"
به یک دکتر خوب برای روانپزشکی نیاز دارم .,"O,O,O,O,O,O,O,O,O"
بهترین دکتر زن برای دیابت در تهران یا کرمانشاه کیه ؟,"O,O,B-gen,O,O,O,B-cit,O,B-cit,O,O"
بهترین دکتر زن در بوشهر برای ارتوپد چه کسی است ?,"O,O,B-gen,O,B-cit,O,O,O,O,O,O"
به یک دکتر خانم در رشت برای درمان روماتیسم نیاز دارم .,"O,O,O,B-gen,O,B-cit,O,O,O,O,O,O"
یک دکتر برای آسم در شیراز معرفی می کنید ؟,"O,O,O,O,O,B-cit,O,O,O,O"
یک متخصص برای اعصاب در مشهد سراغ دارید ؟,"O,O,O,O,O,B-cit,O,O,O"
دنبال دکتر خوبی برای افسردگی می گردم .,"O,O,O,O,O,O,O,O"
بهترین دکتر خانم در اردبیل برای پوست چه کسی است ?,"O,O,B-gen,O,B-cit,O,O,O,O,O,O"
بهترین دکتر خانم برای آسم در رشت کیه ؟,"O,O,B-gen,O,O,O,B-cit,O,O"
کسی می تونه یک دکتر مرد برای اعصاب در زنجان معرفی کنه ؟,"O,O,O,O,O,B-gen,O,O,O,B-cit,O,O,O"
یک دکتر خانم خوب برای گوارش در یزد سراغ دارید ؟,"O,O,B-gen,O,O,O,O,B-cit,O,O,O"
بهترین دکتر برای گوارش در تهران کیه ؟,"O,O,O,O,O,B-cit,O,O"
بهترین دکتر خانم برای ارتوپد در یزد یا کرمانشاه کیه ؟,"O,O,B-gen,O,O,O,B-cit,O,B-cit,O,O"
لطفاً یک متخصص آسم معرفی کنید .,"O,O,O,O,O,O,O"
آیا می توانید یک دکتر برای روانپزشکی معرفی کنید ؟,"O,O,O,O,O,O,O,O,O,O"
بهترین دکتر مرد برای ارتوپد در زنجان کیه ؟,"O,O,B-gen,O,O,O,B-cit,O,O"
من دنبال یک دکتر خانم برای پوست در تبریز می گردم .,"O,O,O,O,B-gen,O,O,O,B-cit,O,O,O"
کسی یک دکتر زن برای کودکان در سنندج یا مشهد می شناسه ؟,"O,O,O,B-gen,O,O,O,B-cit,O,B-cit,O,O,O"
لطفاً یک متخصص آسم معرفی کنید .,"O,O,O,O,O,O,O"
یک دکتر مرد خوب برای اعصاب در ارومیه سراغ دارید ؟,"O,O,B-gen,O,O,O,O,B-cit,O,O,O"
من به یک دکتر برای درمان زنان نیاز دارم .,"O,O,O,O,O,O,B-gen,O,O,O"
یک دکتر برای آسم در همدان معرفی می کنید ؟,"O,O,O,O,O,B-cit,O,O,O,O"
لطفاً یک دکتر خانم برای درمان آسم در بوشهر یا خرم آباد معرفی کنید .,"O,O,O,B-gen,O,O,O,O,B-cit,O,B-cit,I-cit,O,O,O"
بهترین دکتر خانم برای زنان در همدان کیه ؟,"O,O,B-gen,O,B-gen,O,B-cit,O,O"
کسی متخصص پوست در اردبیل رو می شناسه ؟,"O,O,O,O,B-cit,O,O,O,O"
آیا می توانید یک دکتر برای روماتیسم معرفی کنید ؟,"O,O,O,O,O,O,O,O,O,O"
من به یک دکتر برای درمان کودکان نیاز دارم .,"O,O,O,O,O,O,O,O,O,O"
دنبال یک دکتر مرد متخصص افسردگی در کرج هستم .,"O,O,O,B-gen,O,O,O,B-cit,O,O"
لطفاً یک دکتر خانم برای درمان اعصاب در ارومیه یا شیراز معرفی کنید .,"O,O,O,B-gen,O,O,O,O,B-cit,O,B-cit,O,O,O"
کسی دکتری برای افسردگی در اهواز می شناسه ؟,"O,O,O,O,O,B-cit,O,O,O"
آیا دکتری مرد در بوشهر برای زنان می شناسید ؟,"O,O,B-gen,O,B-cit,O,B-gen,O,O,O"
کسی یک دکتر مرد برای گوارش در رشت یا تبریز می شناسه ؟,"O,O,O,B-gen,O,O,O,B-cit,O,B-cit,O,O,O"
لطفاً یک دکتر مرد برای درمان افسردگی در زنجان معرفی کنید .,"O,O,O,B-gen,O,O,O,O,B-cit,O,O,O"
یک دکتر زن خوب برای دیابت در همدان سراغ دارید ؟,"O,O,B-gen,O,O,O,O,B-cit,O,O,O"
به نظر شما دکتر خانم برای اعصاب در کرمانشاه بهتر است یا تبریز ؟,"O,O,O,O,B-gen,O,O,O,B-cit,O,O,O,B-cit,O"
به یک دکتر خوب برای دیابت نیاز دارم .,"O,O,O,O,O,O,O,O,O"
یک دکتر برای روماتیسم در خرم آباد معرفی می کنید ؟,"O,O,O,O,O,B-cit,I-cit,O,O,O,O"
دنبال یک دکتر خانم متخصص سرطان در یزد هستم .,"O,O,O,B-gen,O,O,O,B-cit,O,O"
کسی می تونه یک دکتر مرد برای دیابت در مشهد معرفی کنه ؟,"O,O,O,O,O,B-gen,O,O,O,B-cit,O,O,O"
من به یک دکتر برای درمان چشم نیاز دارم .,"O,O,O,O,O,O,O,O,O,O"
دنبال دکتر خوبی برای روانپزشکی می گردم .,"O,O,O,O,O,O,O,O"
یک متخصص برای زنان در تهران سراغ دارید ؟,"O,O,O,B-gen,O,B-cit,O,O,O"
یک دکتر مرد خوب برای اعصاب در خرم آباد یا اصفهان سراغ دارید ؟,"O,O,B-gen,O,O,O,O,B-cit,I-cit,O,B-cit,O,O,O"
کسی دکتری برای گوارش در کرمانشاه می شناسه ؟,"O,O,O,O,O,B-cit,O,O,O"
کسی می تونه یک دکتر خانم برای روانپزشکی در اردبیل معرفی کنه ؟,"O,O,O,O,O,B-gen,O,O,O,B-cit,O,O,O"
لطفاً یک دکتر زن برای درمان مشکلات قلبی در خرم آباد یا شیراز معرفی کنید .,"O,O,O,B-gen,O,O,O,O,O,B-cit,I-cit,O,B-cit,O,O,O"
یک دکتر خانم خوب برای زنان در ساری سراغ دارید ؟,"O,O,B-gen,O,O,B-gen,O,B-cit,O,O,O"
لطفاً یک متخصص کودکان معرفی کنید .,"O,O,O,O,O,O,O"
بهترین دکتر زن برای دیابت در سنندج یا کرج کیه ؟,"O,O,B-gen,O,O,O,B-cit,O,B-cit,O,O"
لطفاً یک متخصص افسردگی معرفی کنید .,"O,O,O,O,O,O,O"
لطفاً یک دکتر مرد برای درمان دیابت در اردبیل یا ساری معرفی کنید .,"O,O,O,B-gen,O,O,O,O,B-cit,O,B-cit,O,O,O"
بهترین دکتر مرد برای گوش و حلق و بینی در مشهد کیه ؟,"O,O,B-gen,O,O,O,O,O,O,O,B-cit,O,O"
آیا دکتری خانم در کرمانشاه برای اعصاب می شناسید ؟,"O,O,B-gen,O,B-cit,O,O,O,O,O"
به نظر شما دکتر مرد برای مشکلات قلبی در خرم آباد بهتر است یا مشهد ؟,"O,O,O,O,B-gen,O,O,O,O,B-cit,I-cit,O,O,O,B-cit,O"
بهترین دکتر خانم در زنجان برای اعصاب چه کسی است ?,"O,O,B-gen,O,B-cit,O,O,O,O,O,O"
یک دکتر برای کودکان در تبریز معرفی می کنید ؟,"O,O,O,O,O,B-cit,O,O,O,O"
به یک دکتر خوب برای روانپزشکی نیاز دارم .,"O,O,O,O,O,O,O,O,O"
بهترین دکتر مرد برای روانپزشکی در خرم آباد یا تهران کیه ؟,"O,O,B-gen,O,O,O,B-cit,I-cit,O,B-cit,O,O"
بهترین دکتر مرد برای کودکان در اردبیل یا زنجان کیه ؟,"O,O,B-gen,O,O,O,B-cit,O,B-cit,O,O"
کسی می تونه یک دکتر زن برای دیابت در اردبیل معرفی کنه ؟,"O,O,O,O,O,B-gen,O,O,O,B-cit,O,O,O"
لطفاً یک متخصص زنان معرفی کنید .,"O,O,O,B-gen,O,O,O"
کسی می تونه یک دکتر زن برای اعصاب در کرج معرفی کنه ؟,"O,O,O,O,O,B-gen,O,O,O,B-cit,O,O,O"
یک متخصص برای دیابت در ارومیه سراغ دارید ؟,"O,O,O,O,O,B-cit,O,O,O"
دنبال یک دکتر خانم متخصص پوست در سنندج هستم .,"O,O,O,B-gen,O,O,O,B-cit,O,O"
بهترین دکتر خانم برای دیابت در تهران کیه ؟,"O,O,B-gen,O,O,O,B-cit,O,O"
لطفاً یک متخصص گوش و حلق و بینی معرفی کنید .,"O,O,O,O,O,O,O,O,O,O,O"
به یک دکتر مرد در رشت برای درمان روانپزشکی نیاز دارم .,"O,O,O,B-gen,O,B-cit,O,O,O,O,O,O"
لطفاً یک دکتر مرد برای درمان ارتوپد در خرم آباد معرفی کنید .,"O,O,O,B-gen,O,O,O,O,B-cit,I-cit,O,O,O"
بهترین دکتر خانم برای اعصاب در قم کیه ؟,"O,O,B-gen,O,O,O,B-cit,O,O"
آیا دکتری زن در یزد برای زنان می شناسید ؟,"O,O,B-gen,O,B-cit,O,B-gen,O,O,O"
کسی یک دکتر مرد برای دیابت در مشهد می شناسه ؟,"O,O,O,B-gen,O,O,O,B-cit,O,O,O"
بهترین دکتر برای پوست در سنندج کیه ؟,"O,O,O,O,O,B-cit,O,O"
کسی دکتری برای چشم در همدان می شناسه ؟,"O,O,O,O,O,B-cit,O,O,O"
من به یک دکتر برای درمان دیابت نیاز دارم .,"O,O,O,O,O,O,O,O,O,O"
یک متخصص برای گوارش در تبریز سراغ دارید ؟,"O,O,O,O,O,B-cit,O,O,O"
آیا دکتری زن در اهواز برای اعصاب می شناسید ؟,"O,O,B-gen,O,B-cit,O,O,O,O,O"
لطفاً یک متخصص زنان معرفی کنید .,"O,O,O,B-gen,O,O,O"
بهترین دکتر برای اعصاب در مشهد کیه ؟,"O,O,O,O,O,B-cit,O,O"
به نظر شما دکتر مرد برای سرطان در اصفهان بهتر است یا مشهد ؟,"O,O,O,O,B-gen,O,O,O,B-cit,O,O,O,B-cit,O"
به یک دکتر زن در تبریز برای درمان دیابت نیاز دارم .,"O,O,O,B-gen,O,B-cit,O,O,O,O,O,O"
من به یک دکتر برای درمان روانپزشکی نیاز دارم .,"O,O,O,O,O,O,O,O,O,O"
کسی یک دکتر خانم برای گوش و حلق و بینی در ارومیه یا رشت می شناسه ؟,"O,O,O,B-gen,O,O,O,O,O,O,O,B-cit,O,B-cit,O,O,O"
آیا دکتری خانم در تبریز برای روماتیسم می شناسید ؟,"O,O,B-gen,O,B-cit,O,O,O,O,O"
آیا می توانید یک دکتر برای پوست معرفی کنید ؟,"O,O,O,O,O,O,O,O,O,O"
لطفاً یک متخصص چشم معرفی کنید .,"O,O,O,O,O,O,O"
یک دکتر برای گوارش در تهران معرفی می کنید ؟,"O,O,O,O,O,B-cit,O,O,O,O"
یک دکتر خانم خوب برای چشم در رشت سراغ دارید ؟,"O,O,B-gen,O,O,O,O,B-cit,O,O,O"
آیا می توانید یک دکتر برای گوش و حلق و بینی معرفی کنید ؟,"O,O,O,O,O,O,O,O,O,O,O,O,O,O"
آیا دکتری مرد در یزد برای افسردگی می شناسید ؟,"O,O,B-gen,O,B-cit,O,O,O,O,O"
کسی یک دکتر خانم برای دیابت در قم می شناسه ؟,"O,O,O,B-gen,O,O,O,B-cit,O,O,O"
بهترین دکتر برای آسم در یزد کیه ؟,"O,O,O,O,O,B-cit,O,O"
دنبال دکتر خوبی برای گوش و حلق و بینی می گردم .,"O,O,O,O,O,O,O,O,O,O,O,O"
لطفاً یک دکتر زن برای درمان چشم در اهواز یا سنندج معرفی کنید .,"O,O,O,B-gen,O,O,O,O,B-cit,O,B-cit,O,O,O"
بهترین دکتر برای آسم در شیراز کیه ؟,"O,O,O,O,O,B-cit,O,O"
آیا دکتری خانم در تهران برای ارتوپد می شناسید ؟,"O,O,B-gen,O,B-cit,O,O,O,O,O"
یک دکتر مرد خوب برای آسم در ارومیه یا شیراز سراغ دارید ؟,"O,O,B-gen,O,O,O,O,B-cit,O,B-cit,O,O,O"
من دنبال یک دکتر مرد برای اعصاب در اهواز می گردم .,"O,O,O,O,B-gen,O,O,O,B-cit,O,O,O"
به یک دکتر زن در یزد برای درمان مشکلات قلبی نیاز دارم .,"O,O,O,B-gen,O,B-cit,O,O,O,O,O,O,O"
کسی می تونه یک دکتر مرد برای روانپزشکی در بوشهر معرفی کنه ؟,"O,O,O,O,O,B-gen,O,O,O,B-cit,O,O,O"
به نظر شما دکتر مرد برای پوست در خرم آباد بهتر است یا سنندج ؟,"O,O,O,O,B-gen,O,O,O,B-cit,I-cit,O,O,O,B-cit,O"
لطفاً یک دکتر خانم برای درمان گوارش در کرمانشاه معرفی کنید .,"O,O,O,B-gen,O,O,O,O,B-cit,O,O,O"
من به یک دکتر برای درمان کودکان نیاز دارم .,"O,O,O,O,O,O,O,O,O,O"
بهترین دکتر خانم برای روماتیسم در یزد یا کرج کیه ؟,"O,O,B-gen,O,O,O,B-cit,O,B-cit,O,O"
کسی متخصص گوارش در زنجان رو می شناسه ؟,"O,O,O,O,B-cit,O,O,O,O"
بهترین دکتر برای افسردگی در اردبیل کیه ؟,"O,O,O,O,O,B-cit,O,O"
یک دکتر برای زنان در مشهد معرفی می کنید ؟,"O,O,O,B-gen,O,B-cit,O,O,O,O"
کسی متخصص چشم در قم رو می شناسه ؟,"O,O,O,O,B-cit,O,O,O,O"
بهترین دکتر مرد در شیراز برای گوارش چه کسی است ?,"O,O,B-gen,O,B-cit,O,O,O,O,O,O"
بهترین دکتر خانم در بوشهر برای کودکان چه کسی است ?,"O,O,B-gen,O,B-cit,O,O,O,O,O,O"
لطفاً یک دکتر زن برای درمان سرطان در اهواز معرفی کنید .,"O,O,O,B-gen,O,O,O,O,B-cit,O,O,O"
کسی یک دکتر مرد برای گوش و حلق و بینی در قم می شناسه ؟,"O,O,O,B-gen,O,O,O,O,O,O,O,B-cit,O,O,O"
من دنبال یک دکتر زن برای افسردگی در اردبیل می گردم .,"O,O,O,O,B-gen,O,O,O,B-cit,O,O,O"
به یک دکتر زن در کرج برای درمان افسردگی نیاز دارم .,"O,O,O,B-gen,O,B-cit,O,O,O,O,O,O"
کسی متخصص پوست در تبریز رو می شناسه ؟,"O,O,O,O,B-cit,O,O,O,O"
کسی می تونه یک دکتر خانم برای روماتیسم در اردبیل معرفی کنه ؟,"O,O,O,O,O,B-gen,O,O,O,B-cit,O,O,O"
به نظر شما دکتر مرد برای اعصاب در اهواز بهتر است یا اصفهان ؟,"O,O,O,O,B-gen,O,O,O,B-cit,O,O,O,B-cit,O"
بهترین دکتر زن در کرمانشاه برای گوارش چه کسی است ?,"O,O,B-gen,O,B-cit,O,O,O,O,O,O"
یک متخصص برای گوش و حلق و بینی در یزد سراغ دارید ؟,"O,O,O,O,O,O,O,O,O,B-cit,O,O,O"
کسی یک دکتر مرد برای دیابت در همدان می شناسه ؟,"O,O,O,B-gen,O,O,O,B-cit,O,O,O"
یک دکتر مرد خوب برای کودکان در تهران یا سنندج سراغ دارید ؟,"O,O,B-gen,O,O,O,O,B-cit,O,B-cit,O,O,O"
من به یک دکتر برای درمان چشم نیاز دارم .,"O,O,O,O,O,O,O,O,O,O"
دنبال دکتر خوبی برای افسردگی می گردم .,"O,O,O,O,O,O,O,O"
لطفاً یک متخصص پوست معرفی کنید .,"O,O,O,O,O,O,O"
بهترین دکتر مرد برای کودکان در ارومیه کیه ؟,"O,O,B-gen,O,O,O,B-cit,O,O"
به نظر شما دکتر خانم برای کودکان در اهواز بهتر است یا مشهد ؟,"O,O,O,O,B-gen,O,O,O,B-cit,O,O,O,B-cit,O"
آیا می توانید یک دکتر برای دیابت معرفی کنید ؟,"O,O,O,O,O,O,O,O,O,O"
یک دکتر برای دیابت در ارومیه معرفی می کنید ؟,"O,O,O,O,O,B-cit,O,O,O,O"
لطفاً یک دکتر مرد برای درمان کودکان در اراک معرفی کنید .,"O,O,O,B-gen,O,O,O,O,B-cit,O,O,O"
لطفاً یک متخصص گوش و حلق و بینی معرفی کنید .,"O,O,O,O,O,O,O,O,O,O,O"
بهترین دکتر برای گوش و حلق و بینی در ارومیه کیه ؟,"O,O,O,O,O,O,O,O,O,B-cit,O,O"
لطفاً یک دکتر مرد برای درمان چشم در یزد معرفی کنید .,"O,O,O,B-gen,O,O,O,O,B-cit,O,O,O"
کسی می تونه یک دکتر زن برای مشکلات قلبی در ارومیه معرفی کنه ؟,"O,O,O,O,O,B-gen,O,O,O,O,B-cit,O,O,O"
کسی یک دکتر زن برای پوست در خرم آباد می شناسه ؟,"O,O,O,B-gen,O,O,O,B-cit,I-cit,O,O,O"
آیا دکتری خانم در اراک برای افسردگی می شناسید ؟,"O,O,B-gen,O,B-cit,O,O,O,O,O"
کسی یک دکتر مرد برای روماتیسم در خرم آباد می شناسه ؟,"O,O,O,B-gen,O,O,O,B-cit,I-cit,O,O,O"
لطفاً یک دکتر خانم برای درمان گوارش در سنندج یا همدان معرفی کنید .,"O,O,O,B-gen,O,O,O,O,B-cit,O,B-cit,O,O,O"
یک دکتر مرد خوب برای اعصاب در ارومیه یا اردبیل سراغ دارید ؟,"O,O,B-gen,O,O,O,O,B-cit,O,B-cit,O,O,O"
بهترین دکتر مرد در ارومیه برای چشم چه کسی است ?,"O,O,B-gen,O,B-cit,O,O,O,O,O,O"
کسی متخصص چشم در مشهد رو می شناسه ؟,"O,O,O,O,B-cit,O,O,O,O"
کسی متخصص روانپزشکی در بوشهر رو می شناسه ؟,"O,O,O,O,B-cit,O,O,O,O"
من دنبال یک دکتر زن برای زنان در رشت یا خرم آباد می گردم .,"O,O,O,O,B-gen,O,B-gen,O,B-cit,O,B-cit,I-cit,O,O,O"
آیا دکتری مرد در اراک برای آسم می شناسید ؟,"O,O,B-gen,O,B-cit,O,O,O,O,O"
به نظر شما دکتر خانم برای روانپزشکی در شیراز بهتر است یا رشت ؟,"O,O,O,O,B-gen,O,O,O,B-cit,O,O,O,B-cit,O"
به یک دکتر خانم در قم برای درمان آسم نیاز دارم .,"O,O,O,B-gen,O,B-cit,O,O,O,O,O,O"
دنبال یک دکتر خانم متخصص پوست در ساری هستم .,"O,O,O,B-gen,O,O,O,B-cit,O,O"
کسی یک دکتر خانم برای آسم در مشهد می شناسه ؟,"O,O,O,B-gen,O,O,O,B-cit,O,O,O"
یک دکتر برای روماتیسم در اراک معرفی می کنید ؟,"O,O,O,O,O,B-cit,O,O,O,O"
بهترین دکتر برای گوارش در تهران کیه ؟,"O,O,O,O,O,B-cit,O,O"
کسی دکتری برای دیابت در بوشهر می شناسه ؟,"O,O,O,O,O,B-cit,O,O,O"
آیا می توانید یک دکتر برای روماتیسم معرفی کنید ؟,"O,O,O,O,O,O,O,O,O,O"
کسی یک دکتر مرد برای مشکلات قلبی در تهران می شناسه ؟,"O,O,O,B-gen,O,O,O,O,B-cit,O,O,O"
یک دکتر خانم خوب برای افسردگی در بوشهر سراغ دارید ؟,"O,O,B-gen,O,O,O,O,B-cit,O,O,O"
دنبال یک دکتر خانم متخصص گوش و حلق و بینی در رشت هستم .,"O,O,O,B-gen,O,O,O,O,O,O,O,B-cit,O,O"
یک دکتر زن خوب برای روانپزشکی در یزد سراغ دارید ؟,"O,O,B-gen,O,O,O,O,B-cit,O,O,O"
بهترین دکتر برای کودکان در قم کیه ؟,"O,O,O,O,O,B-cit,O,O"
من دنبال یک دکتر خانم برای آسم در کرمانشاه یا یزد می گردم .,"O,O,O,O,B-gen,O,O,O,B-cit,O,B-cit,O,O,O"
به یک دکتر خوب برای دیابت نیاز دارم .,"O,O,O,O,O,O,O,O,O"
من به یک دکتر برای درمان روماتیسم نیاز دارم .,"O,O,O,O,O,O,O,O,O,O"
یک متخصص برای روماتیسم در مشهد سراغ دارید ؟,"O,O,O,O,O,B-cit,O,O,O"
یک دکتر مرد خوب برای اعصاب در اردبیل یا اهواز سراغ دارید ؟,"O,O,B-gen,O,O,O,O,B-cit,O,B-cit,O,O,O"
آیا دکتری مرد در یزد برای گوارش می شناسید ؟,"O,O,B-gen,O,B-cit,O,O,O,O,O"
آیا دکتری خانم در همدان برای کودکان می شناسید ؟,"O,O,B-gen,O,B-cit,O,O,O,O,O"
لطفاً یک دکتر خانم برای درمان کودکان در قم یا تهران معرفی کنید .,"O,O,O,B-gen,O,O,O,O,B-cit,O,B-cit,O,O,O"
یک دکتر مرد خوب برای کودکان در زنجان یا تهران سراغ دارید ؟,"O,O,B-gen,O,O,O,O,B-cit,O,B-cit,O,O,O"
یک دکتر خانم خوب برای مشکلات قلبی در شیراز یا سنندج سراغ دارید ؟,"O,O,B-gen,O,O,O,O,O,B-cit,O,B-cit,O,O,O"
یک متخصص برای مشکلات قلبی در زنجان سراغ دارید ؟,"O,O,O,O,O,O,B-cit,O,O,O"
کسی یک دکتر مرد برای پوست در تبریز می شناسه ؟,"O,O,O,B-gen,O,O,O,B-cit,O,O,O"
به یک دکتر مرد در قم برای درمان ارتوپد نیاز دارم .,"O,O,O,B-gen,O,B-cit,O,O,O,O,O,O"
دنبال دکتر خوبی برای دیابت می گردم .,"O,O,O,O,O,O,O,O"
آیا می توانید یک دکتر برای گوش و حلق و بینی معرفی کنید ؟,"O,O,O,O,O,O,O,O,O,O,O,O,O,O"
بهترین دکتر مرد برای ارتوپد در کرج یا ساری کیه ؟,"O,O,B-gen,O,O,O,B-cit,O,B-cit,O,O"
من دنبال یک دکتر زن برای آسم در مشهد یا اردبیل می گردم .,"O,O,O,O,B-gen,O,O,O,B-cit,O,B-cit,O,O,O"
آیا می توانید یک دکتر برای روماتیسم معرفی کنید ؟,"O,O,O,O,O,O,O,O,O,O"
آیا می توانید یک دکتر برای گوارش معرفی کنید ؟,"O,O,O,O,O,O,O,O,O,O"
بهترین دکتر خانم برای افسردگی در اراک یا مشهد کیه ؟,"O,O,B-gen,O,O,O,B-cit,O,B-cit,O,O"
کسی می تونه یک دکتر زن برای چشم در اراک معرفی کنه ؟,"O,O,O,O,O,B-gen,O,O,O,B-cit,O,O,O"
یک دکتر خانم خوب برای روماتیسم در ساری سراغ دارید ؟,"O,O,B-gen,O,O,O,O,B-cit,O,O,O"
به نظر شما دکتر زن برای مشکلات قلبی در قم بهتر است یا شیراز ؟,"O,O,O,O,B-gen,O,O,O,O,B-cit,O,O,O,B-cit,O"
یک دکتر خانم خوب برای روماتیسم در کرمانشاه یا اردبیل سراغ دارید ؟,"O,O,B-gen,O,O,O,O,B-cit,O,B-cit,O,O,O"
کسی دکتری برای سرطان در شیراز می شناسه ؟,"O,O,O,O,O,B-cit,O,O,O"
یک دکتر مرد خوب برای ارتوپد در یزد سراغ دارید ؟,"O,O,B-gen,O,O,O,O,B-cit,O,O,O"
کسی یک دکتر زن برای افسردگی در زنجان یا مشهد می شناسه ؟,"O,O,O,B-gen,O,O,O,B-cit,O,B-cit,O,O,O"
من دنبال یک دکتر مرد برای گوش و حلق و بینی در اصفهان می گردم .,"O,O,O,O,B-gen,O,O,O,O,O,O,O,B-cit,O,O,O"
یک متخصص برای کودکان در رشت سراغ دارید ؟,"O,O,O,O,O,B-cit,O,O,O"
به یک دکتر خوب برای چشم نیاز دارم .,"O,O,O,O,O,O,O,O,O"
بهترین دکتر زن برای ارتوپد در تهران یا کرج کیه ؟,"O,O,B-gen,O,O,O,B-cit,O,B-cit,O,O"
لطفاً یک متخصص گوارش معرفی کنید .,"O,O,O,O,O,O,O"
لطفاً یک دکتر مرد برای درمان اعصاب در ارومیه یا سنندج معرفی کنید .,"O,O,O,B-gen,O,O,O,O,B-cit,O,B-cit,O,O,O"
کسی یک دکتر خانم برای روانپزشکی در کرج می شناسه ؟,"O,O,O,B-gen,O,O,O,B-cit,O,O,O"
کسی می تونه یک دکتر مرد برای ارتوپد در رشت معرفی کنه ؟,"O,O,O,O,O,B-gen,O,O,O,B-cit,O,O,O"
کسی یک دکتر زن برای زنان در تبریز می شناسه ؟,"O,O,O,B-gen,O,B-gen,O,B-cit,O,O,O"
بهترین دکتر خانم برای سرطان در اراک کیه ؟,"O,O,B-gen,O,O,O,B-cit,O,O"
بهترین دکتر مرد برای سرطان در کرج یا شیراز کیه ؟,"O,O,B-gen,O,O,O,B-cit,O,B-cit,O,O"
کسی دکتری برای پوست در ساری می شناسه ؟,"O,O,O,O,O,B-cit,O,O,O"
یک دکتر مرد خوب برای اعصاب در تهران سراغ دارید ؟,"O,O,B-gen,O,O,O,O,B-cit,O,O,O"
دنبال دکتر خوبی برای روانپزشکی می گردم .,"O,O,O,O,O,O,O,O"
بهترین دکتر زن در مشهد برای افسردگی چه کسی است ?,"O,O,B-gen,O,B-cit,O,O,O,O,O,O"
بهترین دکتر برای اعصاب در همدان کیه ؟,"O,O,O,O,O,B-cit,O,O"
کسی دکتری برای کودکان در ارومیه می شناسه ؟,"O,O,O,O,O,B-cit,O,O,O"
من دنبال یک دکتر زن برای گوش و حلق و بینی در اردبیل یا رشت می گردم .,"O,O,O,O,B-gen,O,O,O,O,O,O,O,B-cit,O,B-cit,O,O,O"
به یک دکتر خانم در مشهد برای درمان افسردگی نیاز دارم .,"O,O,O,B-gen,O,B-cit,O,O,O,O,O,O"
به یک دکتر زن در تبریز برای درمان مشکلات قلبی نیاز دارم .,"O,O,O,B-gen,O,B-cit,O,O,O,O,O,O,O"
آیا دکتری زن در قم برای گوارش می شناسید ؟,"O,O,B-gen,O,B-cit,O,O,O,O,O"
یک دکتر زن خوب برای سرطان در اراک سراغ دارید ؟,"O,O,B-gen,O,O,O,O,B-cit,O,O,O"
به یک دکتر مرد در اردبیل برای درمان اعصاب نیاز دارم .,"O,O,O,B-gen,O,B-cit,O,O,O,O,O,O"
بهترین دکتر برای چشم در یزد کیه ؟,"O,O,O,O,O,B-cit,O,O"
دنبال دکتر خوبی برای دیابت می گردم .,"O,O,O,O,O,O,O,O"
بهترین دکتر مرد برای چشم در مشهد کیه ؟,"O,O,B-gen,O,O,O,B-cit,O,O"
لطفاً یک متخصص گوارش معرفی کنید .,"O,O,O,O,O,O,O"
به یک دکتر خوب برای مشکلات قلبی نیاز دارم .,"O,O,O,O,O,O,O,O,O,O"
کسی یک دکتر خانم برای مشکلات قلبی در مشهد می شناسه ؟,"O,O,O,B-gen,O,O,O,O,B-cit,O,O,O"
یک متخصص برای روماتیسم در اراک سراغ دارید ؟,"O,O,O,O,O,B-cit,O,O,O"
کسی یک دکتر زن برای پوست در بوشهر می شناسه ؟,"O,O,O,B-gen,O,O,O,B-cit,O,O,O"
کسی دکتری برای زنان در کرمانشاه می شناسه ؟,"O,O,O,B-gen,O,B-cit,O,O,O"
لطفاً یک دکتر زن برای درمان سرطان در اردبیل معرفی کنید .,"O,O,O,B-gen,O,O,O,O,B-cit,O,O,O"
من دنبال یک دکتر زن برای ارتوپد در ساری می گردم .,"O,O,O,O,B-gen,O,O,O,B-cit,O,O,O"
به یک دکتر خانم در همدان برای درمان گوارش نیاز دارم .,"O,O,O,B-gen,O,B-cit,O,O,O,O,O,O"
کسی دکتری برای سرطان در سنندج می شناسه ؟,"O,O,O,O,O,B-cit,O,O,O"
به نظر شما دکتر زن برای روماتیسم در اهواز بهتر است یا شیراز ؟,"O,O,O,O,B-gen,O,O,O,B-cit,O,O,O,B-cit,O"
کسی یک دکتر مرد برای روانپزشکی در ساری می شناسه ؟,"O,O,O,B-gen,O,O,O,B-cit,O,O,O"
آیا می توانید یک دکتر برای روانپزشکی معرفی کنید ؟,"O,O,O,O,O,O,O,O,O,O"
لطفاً یک دکتر خانم برای درمان اعصاب در اهواز یا تهران معرفی کنید .,"O,O,O,B-gen,O,O,O,O,B-cit,O,B-cit,O,O,O"
بهترین دکتر برای افسردگی در ساری کیه ؟,"O,O,O,O,O,B-cit,O,O"
آیا می توانید یک دکتر برای ارتوپد معرفی کنید ؟,"O,O,O,O,O,O,O,O,O,O"
دنبال یک دکتر خانم متخصص روانپزشکی در اصفهان هستم .,"O,O,O,B-gen,O,O,O,B-cit,O,O"
یک دکتر زن خوب برای گوارش در ارومیه سراغ دارید ؟,"O,O,B-gen,O,O,O,O,B-cit,O,O,O"
دنبال دکتر خوبی برای گوارش می گردم .,"O,O,O,O,O,O,O,O"
لطفاً یک دکتر مرد برای درمان دیابت در ساری یا اصفهان معرفی کنید .,"O,O,O,B-gen,O,O,O,O,B-cit,O,B-cit,O,O,O"
کسی یک دکتر مرد برای زنان در زنجان یا خرم آباد می شناسه ؟,"O,O,O,B-gen,O,B-gen,O,B-cit,O,B-cit,I-cit,O,O,O"
من دنبال یک دکتر مرد برای چشم در زنجان یا اردبیل می گردم .,"O,O,O,O,B-gen,O,O,O,B-cit,O,B-cit,O,O,O"
لطفاً یک دکتر زن برای درمان روانپزشکی در کرج یا تبریز معرفی کنید .,"O,O,O,B-gen,O,O,O,O,B-cit,O,B-cit,O,O,O"
لطفاً یک دکتر مرد برای درمان سرطان در یزد یا مشهد معرفی کنید .,"O,O,O,B-gen,O,O,O,O,B-cit,O,B-cit,O,O,O"
به نظر شما دکتر خانم برای سرطان در همدان بهتر است یا بوشهر ؟,"O,O,O,O,B-gen,O,O,O,B-cit,O,O,O,B-cit,O"
بهترین دکتر زن در مشهد برای پوست چه کسی است ?,"O,O,B-gen,O,B-cit,O,O,O,O,O,O"
کسی یک دکتر خانم برای اعصاب در تهران یا کرج می شناسه ؟,"O,O,O,B-gen,O,O,O,B-cit,O,B-cit,O,O,O"
به یک دکتر زن در شیراز برای درمان کودکان نیاز دارم .,"O,O,O,B-gen,O,B-cit,O,O,O,O,O,O"
به نظر شما دکتر زن برای افسردگی در اردبیل بهتر است یا ارومیه ؟,"O,O,O,O,B-gen,O,O,O,B-cit,O,O,O,B-cit,O"
کسی می تونه یک دکتر مرد برای سرطان در ساری معرفی کنه ؟,"O,O,O,O,O,B-gen,O,O,O,B-cit,O,O,O"
من به یک دکتر برای درمان کودکان نیاز دارم .,"O,O,O,O,O,O,O,O,O,O"
بهترین دکتر خانم برای زنان در شیراز یا قم کیه ؟,"O,O,B-gen,O,B-gen,O,B-cit,O,B-cit,O,O"
یک دکتر زن خوب برای روانپزشکی در سنندج سراغ دارید ؟,"O,O,B-gen,O,O,O,O,B-cit,O,O,O"
یک متخصص برای سرطان در ساری سراغ دارید ؟,"O,O,O,O,O,B-cit,O,O,O"
بهترین دکتر برای ارتوپد در سنندج کیه ؟,"O,O,O,O,O,B-cit,O,O"
لطفاً یک متخصص دیابت معرفی کنید .,"O,O,O,O,O,O,O"
یک متخصص برای چشم در خرم آباد سراغ دارید ؟,"O,O,O,O,O,B-cit,I-cit,O,O,O"
بهترین دکتر زن برای پوست در رشت یا کرج کیه ؟,"O,O,B-gen,O,O,O,B-cit,O,B-cit,O,O"
کسی متخصص ارتوپد در همدان رو می شناسه ؟,"O,O,O,O,B-cit,O,O,O,O"
لطفاً یک دکتر زن برای درمان گوارش در قم یا زنجان معرفی کنید .,"O,O,O,B-gen,O,O,O,O,B-cit,O,B-cit,O,O,O"
لطفاً یک دکتر خانم برای درمان افسردگی در کرمانشاه یا اصفهان معرفی کنید .,"O,O,O,B-gen,O,O,O,O,B-cit,O,B-cit,O,O,O"
به نظر شما دکتر خانم برای گوارش در بوشهر بهتر است یا اراک ؟,"O,O,O,O,B-gen,O,O,O,B-cit,O,O,O,B-cit,O"
یک دکتر زن خوب برای اعصاب در خرم آباد سراغ دارید ؟,"O,O,B-gen,O,O,O,O,B-cit,I-cit,O,O,O"
لطفاً یک متخصص سرطان معرفی کنید .,"O,O,O,O,O,O,O"
یک دکتر برای دیابت در ارومیه معرفی می کنید ؟,"O,O,O,O,O,B-cit,O,O,O,O"
کسی متخصص پوست در کرج رو می شناسه ؟,"O,O,O,O,B-cit,O,O,O,O"
آیا دکتری خانم در اصفهان برای گوارش می شناسید ؟,"O,O,B-gen,O,B-cit,O,O,O,O,O"
به یک دکتر خوب برای روانپزشکی نیاز دارم .,"O,O,O,O,O,O,O,O,O"
یک دکتر برای ارتوپد در رشت معرفی می کنید ؟,"O,O,O,O,O,B-cit,O,O,O,O"
یک دکتر برای گوارش در بوشهر معرفی می کنید ؟,"O,O,O,O,O,B-cit,O,O,O,O"
یک دکتر خانم خوب برای کودکان در کرمانشاه سراغ دارید ؟,"O,O,B-gen,O,O,O,O,B-cit,O,O,O"
من دنبال یک دکتر خانم برای پوست در سنندج می گردم .,"O,O,O,O,B-gen,O,O,O,B-cit,O,O,O"
لطفاً یک متخصص آسم معرفی کنید .,"O,O,O,O,O,O,O"
لطفاً یک دکتر زن برای درمان گوارش در بوشهر یا ارومیه معرفی کنید .,"O,O,O,B-gen,O,O,O,O,B-cit,O,B-cit,O,O,O"
کسی دکتری برای روانپزشکی در کرج می شناسه ؟,"O,O,O,O,O,B-cit,O,O,O"
یک دکتر برای روماتیسم در اهواز معرفی می کنید ؟,"O,O,O,O,O,B-cit,O,O,O,O"
بهترین دکتر خانم برای مشکلات قلبی در بوشهر یا زنجان کیه ؟,"O,O,B-gen,O,O,O,O,B-cit,O,B-cit,O,O"
یک دکتر برای مشکلات قلبی در تهران معرفی می کنید ؟,"O,O,O,O,O,O,B-cit,O,O,O,O"
کسی یک دکتر خانم برای افسردگی در اردبیل می شناسه ؟,"O,O,O,B-gen,O,O,O,B-cit,O,O,O"
من به یک دکتر برای درمان کودکان نیاز دارم .,"O,O,O,O,O,O,O,O,O,O"
لطفاً یک متخصص افسردگی معرفی کنید .,"O,O,O,O,O,O,O"
لطفاً یک دکتر زن برای درمان کودکان در شیراز معرفی کنید .,"O,O,O,B-gen,O,O,O,O,B-cit,O,O,O"
یک متخصص برای ارتوپد در قم سراغ دارید ؟,"O,O,O,O,O,B-cit,O,O,O"
بهترین دکتر برای ارتوپد در رشت کیه ؟,"O,O,O,O,O,B-cit,O,O"
بهترین دکتر خانم برای سرطان در همدان یا اهواز کیه ؟,"O,O,B-gen,O,O,O,B-cit,O,B-cit,O,O"
دنبال یک دکتر زن متخصص چشم در سنندج هستم .,"O,O,O,B-gen,O,O,O,B-cit,O,O"
به یک دکتر زن در همدان برای درمان روماتیسم نیاز دارم .,"O,O,O,B-gen,O,B-cit,O,O,O,O,O,O"
یک دکتر برای پوست در کرج معرفی می کنید ؟,"O,O,O,O,O,B-cit,O,O,O,O"
بهترین دکتر زن در اهواز برای زنان چه کسی است ?,"O,O,B-gen,O,B-cit,O,B-gen,O,O,O,O"
کسی یک دکتر مرد برای روماتیسم در سنندج یا اهواز می شناسه ؟,"O,O,O,B-gen,O,O,O,B-cit,O,B-cit,O,O,O"
کسی می تونه یک دکتر خانم برای افسردگی در اردبیل معرفی کنه ؟,"O,O,O,O,O,B-gen,O,O,O,B-cit,O,O,O"
کسی متخصص اعصاب در کرج رو می شناسه ؟,"O,O,O,O,B-cit,O,O,O,O"
بهترین دکتر خانم برای مشکلات قلبی در زنجان یا همدان کیه ؟,"O,O,B-gen,O,O,O,O,B-cit,O,B-cit,O,O"
کسی یک دکتر خانم برای گوش و حلق و بینی در اهواز می شناسه ؟,"O,O,O,B-gen,O,O,O,O,O,O,O,B-cit,O,O,O"
من دنبال یک دکتر مرد برای روانپزشکی در شیراز یا سنندج می گردم .,"O,O,O,O,B-gen,O,O,O,B-cit,O,B-cit,O,O,O"
من دنبال یک دکتر مرد برای روانپزشکی در یزد یا اهواز می گردم .,"O,O,O,O,B-gen,O,O,O,B-cit,O,B-cit,O,O,O"
لطفاً یک دکتر زن برای درمان کودکان در یزد یا اصفهان معرفی کنید .,"O,O,O,B-gen,O,O,O,O,B-cit,O,B-cit,O,O,O"
بهترین دکتر زن برای روماتیسم در اصفهان یا سنندج کیه ؟,"O,O,B-gen,O,O,O,B-cit,O,B-cit,O,O"
آیا می توانید یک دکتر برای سرطان معرفی کنید ؟,"O,O,O,O,O,O,O,O,O,O"
کسی متخصص مشکلات قلبی در اصفهان رو می شناسه ؟,"O,O,O,O,O,B-cit,O,O,O,O"
به یک دکتر خوب برای زنان نیاز دارم .,"O,O,O,O,O,B-gen,O,O,O"
به یک دکتر خوب برای گوش و حلق و بینی نیاز دارم .,"O,O,O,O,O,O,O,O,O,O,O,O,O"
به یک دکتر خوب برای اعصاب نیاز دارم .,"O,O,O,O,O,O,O,O,O"
بهترین دکتر زن برای آسم در اردبیل کیه ؟,"O,O,B-gen,O,O,O,B-cit,O,O"
کسی یک دکتر زن برای روماتیسم در کرج یا اهواز می شناسه ؟,"O,O,O,B-gen,O,O,O,B-cit,O,B-cit,O,O,O"
آیا دکتری خانم در مشهد برای گوش و حلق و بینی می شناسید ؟,"O,O,B-gen,O,B-cit,O,O,O,O,O,O,O,O,O"
بهترین دکتر برای آسم در کرمانشاه کیه ؟,"O,O,O,O,O,B-cit,O,O"
به یک دکتر مرد در خرم آباد برای درمان افسردگی نیاز دارم .,"O,O,O,B-gen,O,B-cit,I-cit,O,O,O,O,O,O"
کسی یک دکتر مرد برای ارتوپد در اراک یا همدان می شناسه ؟,"O,O,O,B-gen,O,O,O,B-cit,O,B-cit,O,O,O"
آیا دکتری مرد در زنجان برای افسردگی می شناسید ؟,"O,O,B-gen,O,B-cit,O,O,O,O,O"
کسی یک دکتر مرد برای آسم در اصفهان یا اراک می شناسه ؟,"O,O,O,B-gen,O,O,O,B-cit,O,B-cit,O,O,O"
یک دکتر خانم خوب برای سرطان در کرج سراغ دارید ؟,"O,O,B-gen,O,O,O,O,B-cit,O,O,O"
آیا دکتری مرد در شیراز برای افسردگی می شناسید ؟,"O,O,B-gen,O,B-cit,O,O,O,O,O"
یک متخصص برای کودکان در سنندج سراغ دارید ؟,"O,O,O,O,O,B-cit,O,O,O"
به نظر شما دکتر مرد برای مشکلات قلبی در زنجان بهتر است یا تبریز ؟,"O,O,O,O,B-gen,O,O,O,O,B-cit,O,O,O,B-cit,O"
لطفاً یک دکتر مرد برای درمان افسردگی در ارومیه معرفی کنید .,"O,O,O,B-gen,O,O,O,O,B-cit,O,O,O"
دنبال دکتر خوبی برای سرطان می گردم .,"O,O,O,O,O,O,O,O"
بهترین دکتر زن برای چشم در اراک کیه ؟,"O,O,B-gen,O,O,O,B-cit,O,O"
کسی یک دکتر مرد برای گوش و حلق و بینی در اردبیل می شناسه ؟,"O,O,O,B-gen,O,O,O,O,O,O,O,B-cit,O,O,O"
آیا می توانید یک دکتر برای گوارش معرفی کنید ؟,"O,O,O,O,O,O,O,O,O,O"
لطفاً یک دکتر خانم برای درمان دیابت در اهواز یا مشهد معرفی کنید .,"O,O,O,B-gen,O,O,O,O,B-cit,O,B-cit,O,O,O"
به نظر شما دکتر مرد برای مشکلات قلبی در اهواز بهتر است یا یزد ؟,"O,O,O,O,B-gen,O,O,O,O,B-cit,O,O,O,B-cit,O"
یک دکتر زن خوب برای افسردگی در شیراز سراغ دارید ؟,"O,O,B-gen,O,O,O,O,B-cit,O,O,O"
لطفاً یک متخصص افسردگی معرفی کنید .,"O,O,O,O,O,O,O"
کسی متخصص روماتیسم در بوشهر رو می شناسه ؟,"O,O,O,O,B-cit,O,O,O,O"
کسی متخصص چشم در شیراز رو می شناسه ؟,"O,O,O,O,B-cit,O,O,O,O"
کسی دکتری برای کودکان در شیراز می شناسه ؟,"O,O,O,O,O,B-cit,O,O,O"
بهترین دکتر خانم در بوشهر برای روماتیسم چه کسی است ?,"O,O,B-gen,O,B-cit,O,O,O,O,O,O"
بهترین دکتر خانم برای اعصاب در کرج کیه ؟,"O,O,B-gen,O,O,O,B-cit,O,O"
کسی متخصص روماتیسم در کرمانشاه رو می شناسه ؟,"O,O,O,O,B-cit,O,O,O,O"
به یک دکتر خوب برای گوش و حلق و بینی نیاز دارم .,"O,O,O,O,O,O,O,O,O,O,O,O,O"
بهترین دکتر زن برای کودکان در زنجان یا ارومیه کیه ؟,"O,O,B-gen,O,O,O,B-cit,O,B-cit,O,O"
بهترین دکتر مرد برای روانپزشکی در همدان کیه ؟,"O,O,B-gen,O,O,O,B-cit,O,O"
کسی یک دکتر زن برای اعصاب در کرج می شناسه ؟,"O,O,O,B-gen,O,O,O,B-cit,O,O,O"
کسی یک دکتر زن برای روانپزشکی در خرم آباد می شناسه ؟,"O,O,O,B-gen,O,O,O,B-cit,I-cit,O,O,O"
آیا دکتری مرد در کرمانشاه برای افسردگی می شناسید ؟,"O,O,B-gen,O,B-cit,O,O,O,O,O"
کسی می تونه یک دکتر خانم برای گوارش در قم معرفی کنه ؟,"O,O,O,O,O,B-gen,O,O,O,B-cit,O,O,O"
لطفاً یک دکتر خانم برای درمان افسردگی در قم معرفی کنید .,"O,O,O,B-gen,O,O,O,O,B-cit,O,O,O"
من به یک دکتر برای درمان گوارش نیاز دارم .,"O,O,O,O,O,O,O,O,O,O"
به یک دکتر مرد در خرم آباد برای درمان گوارش نیاز دارم .,"O,O,O,B-gen,O,B-cit,I-cit,O,O,O,O,O,O"
یک متخصص برای کودکان در کرمانشاه سراغ دارید ؟,"O,O,O,O,O,B-cit,O,O,O"
بهترین دکتر مرد برای زنان در کرج یا رشت کیه ؟,"O,O,B-gen,O,B-gen,O,B-cit,O,B-cit,O,O"
من دنبال یک دکتر مرد برای روانپزشکی در کرمانشاه می گردم .,"O,O,O,O,B-gen,O,O,O,B-cit,O,O,O"
لطفاً یک دکتر زن برای درمان سرطان در تهران یا اهواز معرفی کنید .,"O,O,O,B-gen,O,O,O,O,B-cit,O,B-cit,O,O,O"
آیا می توانید یک دکتر برای افسردگی معرفی کنید ؟,"O,O,O,O,O,O,O,O,O,O"
یک دکتر خانم خوب برای روانپزشکی در یزد سراغ دارید ؟,"O,O,B-gen,O,O,O,O,B-cit,O,O,O"
یک دکتر خانم خوب برای افسردگی در تبریز سراغ دارید ؟,"O,O,B-gen,O,O,O,O,B-cit,O,O,O"
یک دکتر مرد خوب برای پوست در شیراز یا ساری سراغ دارید ؟,"O,O,B-gen,O,O,O,O,B-cit,O,B-cit,O,O,O"
به نظر شما دکتر خانم برای چشم در بوشهر بهتر است یا اصفهان ؟,"O,O,O,O,B-gen,O,O,O,B-cit,O,O,O,B-cit,O"
به نظر شما دکتر زن برای سرطان در کرمانشاه بهتر است یا شیراز ؟,"O,O,O,O,B-gen,O,O,O,B-cit,O,O,O,B-cit,O"
آیا می توانید یک دکتر برای ارتوپد معرفی کنید ؟,"O,O,O,O,O,O,O,O,O,O"
آیا دکتری خانم در ساری برای دیابت می شناسید ؟,"O,O,B-gen,O,B-cit,O,O,O,O,O"
به نظر شما دکتر مرد برای ارتوپد در اردبیل بهتر است یا مشهد ؟,"O,O,O,O,B-gen,O,O,O,B-cit,O,O,O,B-cit,O"
لطفاً یک دکتر مرد برای درمان گوارش در همدان یا شیراز معرفی کنید .,"O,O,O,B-gen,O,O,O,O,B-cit,O,B-cit,O,O,O"
کسی یک دکتر زن برای آسم در بوشهر می شناسه ؟,"O,O,O,B-gen,O,O,O,B-cit,O,O,O"
دنبال یک دکتر خانم متخصص اعصاب در مشهد هستم .,"O,O,O,B-gen,O,O,O,B-cit,O,O"
یک دکتر مرد خوب برای گوارش در تهران سراغ دارید ؟,"O,O,B-gen,O,O,O,O,B-cit,O,O,O"
بهترین دکتر برای دیابت در بوشهر کیه ؟,"O,O,O,O,O,B-cit,O,O"
به نظر شما دکتر زن برای چشم در کرج بهتر است یا رشت ؟,"O,O,O,O,B-gen,O,O,O,B-cit,O,O,O,B-cit,O"
به نظر شما دکتر خانم برای سرطان در قم بهتر است یا اصفهان ؟,"O,O,O,O,B-gen,O,O,O,B-cit,O,O,O,B-cit,O"
کسی متخصص گوارش در بوشهر رو می شناسه ؟,"O,O,O,O,B-cit,O,O,O,O"
بهترین دکتر برای دیابت در اصفهان کیه ؟,"O,O,O,O,O,B-cit,O,O"
لطفاً یک متخصص گوش و حلق و بینی معرفی کنید .,"O,O,O,O,O,O,O,O,O,O,O"
کسی یک دکتر مرد برای اعصاب در یزد می شناسه ؟,"O,O,O,B-gen,O,O,O,B-cit,O,O,O"
یک دکتر مرد خوب برای ارتوپد در کرج یا همدان سراغ دارید ؟,"O,O,B-gen,O,O,O,O,B-cit,O,B-cit,O,O,O"
لطفاً یک دکتر مرد برای درمان روانپزشکی در شیراز یا کرمانشاه معرفی کنید .,"O,O,O,B-gen,O,O,O,O,B-cit,O,B-cit,O,O,O"
لطفاً یک دکتر خانم برای درمان زنان در شیراز معرفی کنید .,"O,O,O,B-gen,O,O,B-gen,O,B-cit,O,O,O"
به یک دکتر خوب برای اعصاب نیاز دارم .,"O,O,O,O,O,O,O,O,O"
کسی می تونه یک دکتر خانم برای روماتیسم در شیراز معرفی کنه ؟,"O,O,O,O,O,B-gen,O,O,O,B-cit,O,O,O"
یک دکتر مرد خوب برای سرطان در اراک یا مشهد سراغ دارید ؟,"O,O,B-gen,O,O,O,O,B-cit,O,B-cit,O,O,O"
من به یک دکتر برای درمان مشکلات قلبی نیاز دارم .,"O,O,O,O,O,O,O,O,O,O,O"
کسی می تونه یک دکتر زن برای کودکان در مشهد معرفی کنه ؟,"O,O,O,O,O,B-gen,O,O,O,B-cit,O,O,O"
به یک دکتر خوب برای دیابت نیاز دارم .,"O,O,O,O,O,O,O,O,O"
من دنبال یک دکتر خانم برای سرطان در شیراز یا ساری می گردم .,"O,O,O,O,B-gen,O,O,O,B-cit,O,B-cit,O,O,O"
من دنبال یک دکتر مرد برای کودکان در ساری یا ارومیه می گردم .,"O,O,O,O,B-gen,O,O,O,B-cit,O,B-cit,O,O,O"
کسی یک دکتر زن برای گوارش در اراک یا قم می شناسه ؟,"O,O,O,B-gen,O,O,O,B-cit,O,B-cit,O,O,O"
یک دکتر زن خوب برای گوارش در اصفهان سراغ دارید ؟,"O,O,B-gen,O,O,O,O,B-cit,O,O,O"
بهترین دکتر مرد برای مشکلات قلبی در قم یا تبریز کیه ؟,"O,O,B-gen,O,O,O,O,B-cit,O,B-cit,O,O"
بهترین دکتر خانم برای آسم در اراک یا یزد کیه ؟,"O,O,B-gen,O,O,O,B-cit,O,B-cit,O,O"
کسی می تونه یک دکتر خانم برای افسردگی در اهواز معرفی کنه ؟,"O,O,O,O,O,B-gen,O,O,O,B-cit,O,O,O"
به یک دکتر زن در همدان برای درمان ارتوپد نیاز دارم .,"O,O,O,B-gen,O,B-cit,O,O,O,O,O,O"
یک متخصص برای روانپزشکی در خرم آباد سراغ دارید ؟,"O,O,O,O,O,B-cit,I-cit,O,O,O"
کسی می تونه یک دکتر زن برای روانپزشکی در تهران معرفی کنه ؟,"O,O,O,O,O,B-gen,O,O,O,B-cit,O,O,O"
یک دکتر برای پوست در شیراز معرفی می کنید ؟,"O,O,O,O,O,B-cit,O,O,O,O"
کسی متخصص گوارش در کرمانشاه رو می شناسه ؟,"O,O,O,O,B-cit,O,O,O,O"
یک دکتر زن خوب برای آسم در کرج سراغ دارید ؟,"O,O,B-gen,O,O,O,O,B-cit,O,O,O"
من دنبال یک دکتر مرد برای چشم در اراک می گردم .,"O,O,O,O,B-gen,O,O,O,B-cit,O,O,O"
لطفاً یک دکتر زن برای درمان سرطان در زنجان یا خرم آباد معرفی کنید .,"O,O,O,B-gen,O,O,O,O,B-cit,O,B-cit,I-cit,O,O,O"
لطفاً یک دکتر زن برای درمان روماتیسم در اردبیل یا یزد معرفی کنید .,"O,O,O,B-gen,O,O,O,O,B-cit,O,B-cit,O,O,O"
یک متخصص برای کودکان در شیراز سراغ دارید ؟,"O,O,O,O,O,B-cit,O,O,O"
بهترین دکتر مرد در همدان برای آسم چه کسی است ?,"O,O,B-gen,O,B-cit,O,O,O,O,O,O"
بهترین دکتر زن برای افسردگی در کرمانشاه یا قم کیه ؟,"O,O,B-gen,O,O,O,B-cit,O,B-cit,O,O"
آیا دکتری خانم در سنندج برای پوست می شناسید ؟,"O,O,B-gen,O,B-cit,O,O,O,O,O"
کسی دکتری برای زنان در اهواز می شناسه ؟,"O,O,O,B-gen,O,B-cit,O,O,O"
یک دکتر زن خوب برای روانپزشکی در ساری سراغ دارید ؟,"O,O,B-gen,O,O,O,O,B-cit,O,O,O"
لطفاً یک دکتر مرد برای درمان چشم در رشت یا مشهد معرفی کنید .,"O,O,O,B-gen,O,O,O,O,B-cit,O,B-cit,O,O,O"
آیا می توانید یک دکتر برای گوش و حلق و بینی معرفی کنید ؟,"O,O,O,O,O,O,O,O,O,O,O,O,O,O"
به یک دکتر خوب برای سرطان نیاز دارم .,"O,O,O,O,O,O,O,O,O"
من دنبال یک دکتر مرد برای زنان در خرم آباد می گردم .,"O,O,O,O,B-gen,O,B-gen,O,B-cit,I-cit,O,O,O"
من دنبال یک دکتر مرد برای سرطان در رشت یا اراک می گردم .,"O,O,O,O,B-gen,O,O,O,B-cit,O,B-cit,O,O,O"
کسی دکتری برای کودکان در خرم آباد می شناسه ؟,"O,O,O,O,O,B-cit,I-cit,O,O,O"
کسی یک دکتر خانم برای گوارش در تبریز می شناسه ؟,"O,O,O,B-gen,O,O,O,B-cit,O,O,O"
کسی متخصص گوارش در مشهد رو می شناسه ؟,"O,O,O,O,B-cit,O,O,O,O"
کسی یک دکتر زن برای آسم در ارومیه یا همدان می شناسه ؟,"O,O,O,B-gen,O,O,O,B-cit,O,B-cit,O,O,O"
یک دکتر برای افسردگی در همدان معرفی می کنید ؟,"O,O,O,O,O,B-cit,O,O,O,O"
کسی دکتری برای دیابت در کرج می شناسه ؟,"O,O,O,O,O,B-cit,O,O,O"
دنبال یک دکتر زن متخصص زنان در زنجان هستم .,"O,O,O,B-gen,O,B-gen,O,B-cit,O,O"
کسی دکتری برای چشم در سنندج می شناسه ؟,"O,O,O,O,O,B-cit,O,O,O"
لطفاً یک دکتر خانم برای درمان افسردگی در اهواز یا اراک معرفی کنید .,"O,O,O,B-gen,O,O,O,O,B-cit,O,B-cit,O,O,O"
بهترین دکتر زن در اردبیل برای چشم چه کسی است ?,"O,O,B-gen,O,B-cit,O,O,O,O,O,O"
کسی می تونه یک دکتر مرد برای دیابت در قم معرفی کنه ؟,"O,O,O,O,O,B-gen,O,O,O,B-cit,O,O,O"
یک متخصص برای پوست در رشت سراغ دارید ؟,"O,O,O,O,O,B-cit,O,O,O"
یک دکتر برای سرطان در بوشهر معرفی می کنید ؟,"O,O,O,O,O,B-cit,O,O,O,O"
من دنبال یک دکتر زن برای گوش و حلق و بینی در اردبیل می گردم .,"O,O,O,O,B-gen,O,O,O,O,O,O,O,B-cit,O,O,O"
به یک دکتر خانم در اصفهان برای درمان زنان نیاز دارم .,"O,O,O,B-gen,O,B-cit,O,O,B-gen,O,O,O"
دنبال دکتر خوبی برای گوارش می گردم .,"O,O,O,O,O,O,O,O"
یک دکتر زن خوب برای گوارش در تبریز سراغ دارید ؟,"O,O,B-gen,O,O,O,O,B-cit,O,O,O"
من دنبال یک دکتر زن برای پوست در کرمانشاه می گردم .,"O,O,O,O,B-gen,O,O,O,B-cit,O,O,O"
کسی یک دکتر خانم برای چشم در تهران یا شیراز می شناسه ؟,"O,O,O,B-gen,O,O,O,B-cit,O,B-cit,O,O,O"
به یک دکتر خوب برای اعصاب نیاز دارم .,"O,O,O,O,O,O,O,O,O"
یک متخصص برای زنان در کرج سراغ دارید ؟,"O,O,O,B-gen,O,B-cit,O,O,O"
یک دکتر خانم خوب برای روانپزشکی در بوشهر یا تهران سراغ دارید ؟,"O,O,B-gen,O,O,O,O,B-cit,O,B-cit,O,O,O"
کسی یک دکتر خانم برای روماتیسم در اراک یا کرمانشاه می شناسه ؟,"O,O,O,B-gen,O,O,O,B-cit,O,B-cit,O,O,O"
کسی می تونه یک دکتر خانم برای گوارش در شیراز معرفی کنه ؟,"O,O,O,O,O,B-gen,O,O,O,B-cit,O,O,O"
من دنبال یک دکتر خانم برای ارتوپد در کرج می گردم .,"O,O,O,O,B-gen,O,O,O,B-cit,O,O,O"
بهترین دکتر برای آسم در یزد کیه ؟,"O,O,O,O,O,B-cit,O,O"
لطفاً یک دکتر خانم برای درمان اعصاب در یزد معرفی کنید .,"O,O,O,B-gen,O,O,O,O,B-cit,O,O,O"
به یک دکتر زن در اردبیل برای درمان دیابت نیاز دارم .,"O,O,O,B-gen,O,B-cit,O,O,O,O,O,O"
یک دکتر خانم خوب برای دیابت در اردبیل سراغ دارید ؟,"O,O,B-gen,O,O,O,O,B-cit,O,O,O"
کسی می تونه یک دکتر مرد برای آسم در اهواز معرفی کنه ؟,"O,O,O,O,O,B-gen,O,O,O,B-cit,O,O,O"
به یک دکتر خوب برای ارتوپد نیاز دارم .,"O,O,O,O,O,O,O,O,O"
لطفاً یک دکتر مرد برای درمان کودکان در اردبیل معرفی کنید .,"O,O,O,B-gen,O,O,O,O,B-cit,O,O,O"
یک دکتر مرد خوب برای زنان در اهواز سراغ دارید ؟,"O,O,B-gen,O,O,B-gen,O,B-cit,O,O,O"
آیا می توانید یک دکتر برای آسم معرفی کنید ؟,"O,O,O,O,O,O,O,O,O,O"
یک متخصص برای چشم در کرج سراغ دارید ؟,"O,O,O,O,O,B-cit,O,O,O"
بهترین دکتر زن برای آسم در اردبیل کیه ؟,"O,O,B-gen,O,O,O,B-cit,O,O"
به یک دکتر خانم در خرم آباد برای درمان گوش و حلق و بینی نیاز دارم .,"O,O,O,B-gen,O,B-cit,I-cit,O,O,O,O,O,O,O,O,O,O"
کسی یک دکتر زن برای گوش و حلق و بینی در کرج می شناسه ؟,"O,O,O,B-gen,O,O,O,O,O,O,O,B-cit,O,O,O"
بهترین دکتر خانم برای گوارش در کرج یا همدان کیه ؟,"O,O,B-gen,O,O,O,B-cit,O,B-cit,O,O"
من دنبال یک دکتر مرد برای دیابت در مشهد یا همدان می گردم .,"O,O,O,O,B-gen,O,O,O,B-cit,O,B-cit,O,O,O"
به یک دکتر مرد در مشهد برای درمان گوش و حلق و بینی نیاز دارم .,"O,O,O,B-gen,O,B-cit,O,O,O,O,O,O,O,O,O,O"
به یک دکتر خانم در اردبیل برای درمان گوارش نیاز دارم .,"O,O,O,B-gen,O,B-cit,O,O,O,O,O,O"
بهترین دکتر زن برای زنان در تبریز کیه ؟,"O,O,B-gen,O,B-gen,O,B-cit,O,O"
لطفاً یک متخصص ارتوپد معرفی کنید .,"O,O,O,O,O,O,O"
بهترین دکتر خانم برای آسم در کرج یا اردبیل کیه ؟,"O,O,B-gen,O,O,O,B-cit,O,B-cit,O,O"
به یک دکتر خانم در یزد برای درمان روماتیسم نیاز دارم .,"O,O,O,B-gen,O,B-cit,O,O,O,O,O,O"
من دنبال یک دکتر مرد برای سرطان در اهواز یا اردبیل می گردم .,"O,O,O,O,B-gen,O,O,O,B-cit,O,B-cit,O,O,O"
کسی می تونه یک دکتر خانم برای روانپزشکی در اصفهان معرفی کنه ؟,"O,O,O,O,O,B-gen,O,O,O,B-cit,O,O,O"
یک دکتر خانم خوب برای مشکلات قلبی در زنجان یا خرم آباد سراغ دارید ؟,"O,O,B-gen,O,O,O,O,O,B-cit,O,B-cit,I-cit,O,O,O"
لطفاً یک دکتر زن برای درمان روانپزشکی در زنجان یا بوشهر معرفی کنید .,"O,O,O,B-gen,O,O,O,O,B-cit,O,B-cit,O,O,O"
دنبال یک دکتر زن متخصص افسردگی در یزد هستم .,"O,O,O,B-gen,O,O,O,B-cit,O,O"
یک متخصص برای گوش و حلق و بینی در تهران سراغ دارید ؟,"O,O,O,O,O,O,O,O,O,B-cit,O,O,O"
بهترین دکتر خانم برای اعصاب در اراک یا تبریز کیه ؟,"O,O,B-gen,O,O,O,B-cit,O,B-cit,O,O"
من دنبال یک دکتر مرد برای افسردگی در زنجان یا سنندج می گردم .,"O,O,O,O,B-gen,O,O,O,B-cit,O,B-cit,O,O,O"
بهترین دکتر زن برای گوش و حلق و بینی در اهواز یا سنندج کیه ؟,"O,O,B-gen,O,O,O,O,O,O,O,B-cit,O,B-cit,O,O"
دنبال یک دکتر خانم متخصص اعصاب در رشت هستم .,"O,O,O,B-gen,O,O,O,B-cit,O,O"
کسی دکتری برای گوش و حلق و بینی در اردبیل می شناسه ؟,"O,O,O,O,O,O,O,O,O,B-cit,O,O,O"
دنبال یک دکتر خانم متخصص ارتوپد در سنندج هستم .,"O,O,O,B-gen,O,O,O,B-cit,O,O"
بهترین دکتر مرد برای افسردگی در اردبیل کیه ؟,"O,O,B-gen,O,O,O,B-cit,O,O"
